date,apix_daily,DELHI-MUMBAI,DELHI-BANGALORE,MUMBAI-BANGALORE,DELHI-KOLKATA,BANGALORE-HYDERABAD,CHENNAI-DELHI,MUMBAI-GOA,DELHI-AHMEDABAD,DELHI-HYDERABAD,DELHI-PATNA
2025-01-01,106.43007418980137,106.43007418980139,106.43007418980139,106.43007418980139,106.43007418980139,106.43007418980139,106.43007418980139,106.43007418980139,106.43007418980139,106.43007418980139,106.43007418980139
2025-01-02,107.38745586155967,105.26699530422715,105.51520325372395,108.3605162179765,111.31280571609351,107.55836223318957,106.6102721937022,105.86228674689241,110.7243863572797,106.98875057210704,106.82448995511128
2025-01-03,120.13743603454579,114.12585048354104,119.64122805500655,123.7376061228999,123.66554285726606,120.26211533596218,120.83701414080954,115.46759382084902,123.25054566215591,120.47280366956507,119.77850379039099
2025-01-04,107.70149175737075,104.90057529513855,105.46108066693985,111.21665108969775,111.39886570843078,106.05107402661655,111.79901106458802,104.75063434749319,108.95322290508342,106.89406747580396,106.57574418290262
2025-01-05,120.9734610165011,118.58285526970074,121.16373009133108,126.48351095335548,122.08280862579147,118.78180624869402,120.70767384279554,119.22423926140362,122.21488633759287,119.43552389235929,121.3923063006958
2025-01-06,106.89888571281965,105.45785129471594,105.68088692347276,105.32841131218869,108.30606033580888,107.13122656033761,107.5652139171177,108.31032497742768,108.40535443582596,107.22570149959948,109.50062751153578
2025-01-07,107.49289555064615,104.46713943893799,105.57175197391274,113.6611764653381,110.10407342976482,107.790883151309,109.45220861183108,105.18317904963503,108.82539949918882,106.18080193422195,104.73594464587913
2025-01-08,108.15078218488586,106.57528767624109,103.10509269021819,112.96324129307175,108.85190171114179,111.38441273855453,109.13255495946596,101.54314928635108,112.47083012480037,108.30258178357457,107.98283882782273
2025-01-09,106.88612108768797,102.34525889131224,104.65343401021721,109.90747085258499,111.43949642720837,111.45735670448278,108.00342879007925,104.45895079631502,108.723852294064,104.5781463886815,106.52568591230626
2025-01-10,119.77369359806033,116.93124622313677,113.73112180038132,124.85520019003806,122.76443822614762,118.65161267410969,125.28718396608436,115.24352949107578,122.61312713182245,122.24712707835931,117.88905129615908
2025-01-11,106.20612306358484,105.55828159064833,102.35335202392986,108.96777560205638,110.55353989536337,105.31181321249191,104.26019902563024,103.1198075458847,109.39991673820052,106.45870468485893,107.25125686296659
2025-01-12,119.91125965888938,118.65391561509206,115.91767265481276,127.54656775156248,117.12592748570778,122.40436457094226,119.07683926566388,121.12823573109776,122.21203600057703,121.56693505258758,118.99978376045773
2025-01-13,107.51181433858083,106.56244326664148,104.10583238757457,112.1335987235661,111.0591384175884,110.84959146741842,107.34534773762392,104.08669739667224,107.08751193498169,106.654934568649,105.51392620954789
2025-01-14,107.54184565370893,107.88493196072426,104.72956060407658,108.17796226001073,109.22957857288053,104.43621447666904,109.47185773290583,104.20982340415995,111.19829630581971,108.06320100427463,107.3688933862394
2025-01-15,106.55037794823707,101.84229520963606,105.02027713728059,110.2391292741947,110.41012215102775,105.41634355473472,106.80428642178097,104.70248998728215,113.9614855048581,104.51004355708227,104.96103801594735
2025-01-16,107.71024172863999,101.8507885196153,107.18019759355495,112.99228142349158,111.43704807869852,109.08012240765383,106.02751223425659,105.95948118728045,110.59427083219916,106.03202479826099,109.33791910432039
2025-01-17,120.72930079699583,116.70574136366594,116.95924290344777,125.52117339369757,123.47511953270596,122.08248929236181,122.39538073525037,114.48174727616015,124.78529901248855,120.2143135771741,122.66645279228142
2025-01-18,108.40585747704145,105.13444318844692,103.90197634551198,111.4212227997713,112.09136509981914,104.3808215227192,110.04358228537238,108.30178324535078,113.39051196413352,111.5619374618875,108.67894721717556
2025-01-19,120.79732481649371,118.44088074241212,119.18328222330888,125.12867983095384,123.54731478020585,120.49153290831323,120.43467066441197,116.37712392468875,122.16926729253927,122.01101145206724,117.75544212004539
2025-01-20,107.27964345404105,104.66430869256529,107.09489155516385,112.74898611548818,110.42758372343593,106.3492303897337,102.86250034532272,105.8062526475659,110.94579661143122,104.03908827756284,109.64623212192554
2025-01-21,108.76935953410228,106.53781499648096,106.65974961538774,114.31036508896594,108.85464932675617,110.235190405307,107.92903553478187,104.46347004371134,110.12225679574397,109.06338277562693,110.16288110459863
2025-01-22,107.10799098038189,104.50257917865386,105.15150522137667,107.42700395184394,108.32049652416714,107.21161805380383,107.58745537208176,106.81785894110548,111.19017295616052,108.51639170701118,107.1186397407776
2025-01-23,108.12316870605058,105.25702571168095,104.37669978300661,111.659744837558,113.0094726151095,109.92340285100043,106.61755667300952,107.81210624080637,112.00705525719239,108.04742906351797,106.21097140191249
2025-01-24,119.85909422783385,113.69193893590197,120.13032760982613,121.03122701535116,128.43819110624878,120.21241558979342,116.67784285498966,118.16781855180643,122.59151360106385,117.16105605749841,123.23702922093213
2025-01-25,107.2615656389991,104.8784608664123,103.73128678354567,108.44983483610552,111.38654386500205,107.02254874668306,110.26630091823802,105.31576548511178,114.41670866235943,104.88795067668224,104.96749948445297
2025-01-26,240.57759330857047,235.38039463941038,234.44829209201302,247.86832602656145,241.55487730252017,242.58145103745167,246.6009887706642,238.26205520837806,234.80915341076556,247.55121761189534,243.69490177727886
2025-01-27,106.96534324477487,104.44597593664795,105.17943107814779,112.71289373950601,106.53332564886334,107.981349580399,104.56426149144275,109.15900386732193,108.81223956420057,109.65884112399785,103.66371297437217
2025-01-28,106.48929144330121,102.58123461388283,101.15401603278785,111.06446579693106,107.44248858565035,106.92939803495578,108.90714173960967,107.68965958556981,112.20170319630924,108.59541743722458,106.39773026730423
2025-01-29,108.12301933576875,106.48940446066433,103.51948796665798,113.64169181239218,112.46162600839281,106.46977249587083,106.340934550979,106.68897360896929,112.60742322981558,108.22503873634113,108.37369344421633
2025-01-30,108.40362817942528,109.00807531060249,105.66797235384202,107.64440201521516,111.19453842335585,106.75990437778825,107.44468856234172,107.22861979756152,107.74954224207413,109.91859872884216,113.76139879296554
2025-01-31,120.39385947069992,116.34445014547644,119.75217495480103,119.547255047957,125.44586338842268,120.10063718908683,123.4101910125023,116.48307685004596,117.61589330590799,122.35776472859986,122.43446760159595
2025-02-01,121.41808512988459,117.48628337689351,121.3171787358698,124.49470116545959,123.57741728044515,121.41297251030622,121.27052362676527,121.67841781684638,125.74323801119607,117.6587227012614,124.24318973570571
2025-02-02,138.41824286027452,133.13873156585618,134.97493228542763,139.92130606527053,144.15328423752928,137.96518731633932,141.25046472517283,135.0499799188484,141.05339797293053,138.30687363805075,143.6630280152554
2025-02-03,123.29037074214385,120.66578372239124,120.94819863006656,125.82843976483345,125.23805850535625,122.15998505858198,126.24042451706161,119.55354117718082,126.93485294025817,122.5224276658837,124.2501019535278
2025-02-04,123.69623841560735,122.4951545897516,120.835347649041,125.2107429830991,126.116920787,123.14970486486857,126.81793305516251,120.81915646186424,124.75571740811131,122.8042539224087,126.26759833288075
2025-02-05,122.67156016591832,115.6373218177831,124.61809158272645,126.73275466971297,127.15713533156416,123.0153824483645,120.29303927082643,118.77001363798367,125.05320128462617,121.72157637017567,122.6052300857346
2025-02-06,121.3646038321586,117.38017422659003,118.20918339689565,128.0985359479571,120.40300398696428,121.7772516022368,123.97000972464501,122.41929683075874,125.06119446271384,120.49327120076182,124.08266740362828
2025-02-07,137.6925087961837,135.85046188001778,135.16745553958955,142.40815602425258,139.20329052120107,137.6614902709198,135.9900680548535,136.11399047122023,140.437657263484,137.4545522252301,139.52476243797997
2025-02-08,122.41795913790263,121.33012365871525,116.52738118492486,129.37251669602358,122.81897218053426,122.34394794970703,122.44714845463633,122.06473106678588,126.34047960377963,123.25791320588667,124.42473116583986
2025-02-09,138.4416516855436,131.0291395095566,137.73049483333298,143.58427551681072,141.2098071791194,135.36048204689163,139.56014561637983,134.08002714843332,142.84974602409685,141.73333152910632,137.34258527515857
2025-02-10,121.51080490501921,115.94872762518571,120.66975806682689,122.88731276795238,122.2605070785758,119.71931160309529,126.19893529635881,122.69447497502307,126.65017101973356,120.54812480300856,124.31484807116314
2025-02-11,122.46981448857724,117.33626437114988,119.75203353395445,127.50030889917703,124.42693848660207,124.32148084143212,124.22424812140315,117.25351067410897,125.0482206537808,123.89348825296938,122.12526943261437
2025-02-12,122.30449314249933,118.16395206265842,121.26525141475732,125.26361560660666,120.83577948242743,125.32128349218023,125.18528944743814,122.2384965957014,124.25021269802707,123.2173501381189,120.62615611850858
2025-02-13,122.80336681834227,120.00992769601734,120.2126420210304,128.52670395389475,122.52374602766898,122.40578011089487,125.83456347345884,119.28448523783226,125.91301353032428,122.36651616438994,123.02047816790603
2025-02-14,138.09930710794634,133.94677931000535,136.22816943603175,140.53818821675446,142.1993592199616,136.00670083352702,139.39468617256944,132.93646997596437,141.16459471717124,140.37620484367451,136.6120048586061
2025-02-15,122.32527915697985,118.25426220529432,118.09341126003885,127.87799058789119,124.47051181628659,120.67364470134761,122.8684451738252,118.27043973433976,127.79264304877557,123.86362072082545,124.78871955963565
2025-02-16,139.05745430347542,135.92966851184124,139.3150155629998,144.57406798973142,139.27539701797673,140.87385145326414,138.91174988743873,133.91238336069338,141.64352775285747,136.2527776145008,138.221594468413
2025-02-17,121.58059642712387,121.66409411898097,118.41262218381404,122.68912835205676,124.66573424082708,123.55336447302068,122.89310859635354,119.35892983378842,125.95617854408805,117.85966769801774,120.30939001300277
2025-02-18,123.08890508704454,119.86424965456885,120.14622944496746,127.46499988403863,125.6028046306841,122.84017720363686,125.12585796918347,120.48746044673594,124.21680015119594,124.67967827001937,122.25393001661045
2025-02-19,122.97892612008415,117.83179639957595,121.74067050466172,127.1167932976187,126.02561988468487,123.90308616268716,124.5504622903476,122.51816700367522,124.4456511189547,121.74429262875404,124.75531339999232
2025-02-20,123.06803094450855,119.11247406783143,120.15095170623255,127.43156850487478,122.43975557262907,126.46390114204063,125.66505944214009,119.69459026367261,126.35361452544232,122.59807456174582,124.84870709323287
2025-02-21,136.77029909014095,131.5649158599899,133.03300355511942,138.5277252484933,140.27611807988802,137.99046668173335,141.79385626851263,138.6967808446369,137.70883211577794,139.32275513336455,135.9363152635555
2025-02-22,122.44140846638257,116.02331193450382,118.81563202475563,126.09513539137977,127.30830531701089,125.842921632361,123.60409493164818,123.77135271951923,127.5357632060199,121.73227777307144,121.7290853191943
2025-02-23,137.25642643018512,135.50108867288645,135.54318088810578,139.1017637191932,139.72170615413347,135.65582802351153,134.36814215141737,136.62500448812065,141.74893580452132,136.32224559633698,141.59160076524566
2025-02-24,124.1283950994905,124.15928688340186,122.0296256768469,126.31051732137506,124.24312298101115,126.12870212244034,124.40948511096347,125.26642603777799,127.85235144273173,121.64315516128644,122.37033009449452
2025-02-25,121.97176724645539,122.07920178403084,118.25440038519106,126.53409598143016,125.9314005282705,119.39883682490527,122.99261250292476,118.45046044043745,123.27194086564889,121.4807519845398,121.24601363671421
2025-02-26,246.2612879191462,243.06934806164864,234.89906257971668,257.2924901565075,250.90606230800358,243.11525593096724,253.4592387603375,238.56980958549818,262.46447103522627,244.03687974118984,239.56551321589313
2025-02-27,122.22118642233058,120.15839791123682,119.62549815513498,126.1262381081997,125.08629232178448,119.63163196030608,120.96109239192633,113.76593456473844,126.32038786768926,122.21785966490714,126.54534286480792
2025-02-28,137.45885769741852,131.56289595993843,134.05383085535303,141.94483510011636,144.6117368880196,137.0553891919018,141.34487244978217,136.84268312899928,139.44615819298514,138.95962303508435,131.58523286745512
2025-03-01,101.29886163626614,100.62923288556601,100.26902027967863,102.18779337839676,101.34109958390546,100.15978030067065,102.35955357598966,100.01011845783694,103.66152584435147,101.69811793241203,100.79381133533407
2025-03-02,111.88614297440435,109.31104890523672,108.54750161872445,114.19695794782716,112.27684483812547,112.29798759955571,113.3193197614314,107.97946656355317,115.12206372595233,114.02787666868446,113.80546070523262
2025-03-03,100.56538597742112,97.10637974362439,96.17837572410664,101.91357574617626,105.51942657729549,101.80825680367585,103.87287316157646,97.74304367457934,103.17863855262466,99.56304737329245,104.11490417479513
2025-03-04,100.44438871569233,99.91888526188264,96.920681081202,101.57146866325641,104.65886297427569,99.78853934259608,101.11516395920003,99.03217824627701,103.98825181171925,99.58323743670513,99.80283327027524
2025-03-05,99.65734160888181,95.15840880530203,97.43282390634197,101.66819071287192,100.9695431956132,99.11004520002264,100.30946552558724,98.7552276980138,106.56603404785716,101.13642008642833,98.8869153046079
2025-03-06,101.58501183831261,99.18189598810835,98.93965761812089,106.90571602024276,102.60622401453097,102.29228221897763,101.4337729050641,96.9367721987846,104.37442213112158,102.44044371035692,100.40318369849852
2025-03-07,113.72286087377057,112.71332377309359,111.17367721479752,116.8209960698166,116.79223699685879,112.35532474731981,116.50198084893168,107.92186974239385,115.96408013274107,112.22663171422948,113.1192847944439
2025-03-08,101.54277204981493,98.01601005105324,101.30181415081847,103.5977470067662,105.29292520503542,99.89590761842395,101.02724363066623,101.6004860392006,102.96897245504911,100.61841414767682,104.1794945574706
2025-03-09,111.88788563484891,109.25815398273028,107.72228541996323,109.93847336194673,117.34592463184578,112.87101216006883,111.2430780791213,116.33964124359657,115.66201320449424,112.406763664753,115.67851796726069
2025-03-10,101.08785551759613,99.55867346460455,98.30496159198302,103.25424903647286,102.26141376268568,99.33025123088575,104.79960642421187,102.90491401441137,102.80439931068386,102.46128292395375,99.08132193312709
2025-03-11,100.34140619660218,94.01718835783755,99.57579205985428,107.79558792119771,101.15723357756715,99.14432907181336,101.30359533475536,95.8482061535772,102.74574441528874,100.85350501585049,103.10910293360766
2025-03-12,100.78203491387431,98.39456897509415,97.46810899980645,104.20986622692683,102.25208249274692,98.99189515422151,99.45000155814297,102.50815578355254,104.52984362880825,103.24469126503348,102.4234693302632
2025-03-13,221.80836534548072,213.99237418092457,215.23967473180593,226.89721680102718,231.2185050761121,221.84776287748323,217.50654689221946,225.73369874176154,223.9051807066325,228.42874716083006,225.2949381872242
2025-03-14,247.1789083895508,244.52009286997367,237.96782655564647,257.733870869559,256.9746435180089,245.63178779574864,243.2768481145585,246.54468589316625,256.4127671408712,243.64521138395364,249.2101078564653
2025-03-15,224.16403465411406,217.49573147817824,217.30658116382844,229.57359962218928,227.12065780289765,224.07821933062658,224.94154366735995,219.37440734367118,233.07609165149628,230.05283162839734,223.33264692794248
2025-03-16,248.01981471988952,243.26370038396246,245.5000617521483,247.96693009931002,263.91437525171517,245.03166299005372,246.70911436711725,242.55570225101144,250.0831814789543,247.21309661259122,245.1025554078505
2025-03-17,100.25719120568827,98.15437017111053,98.61696885904576,104.1619093491892,103.38755602764186,98.36095041357191,97.4365640029249,97.57163856223653,103.80278072010508,101.07359093582208,99.53694471323766
2025-03-18,99.67913186372641,94.39424380244756,98.35562815073163,101.54037063749094,99.83190430136234,100.14395021231536,103.04999396396914,97.65630602719084,103.45243334562191,100.73535843866698,101.24042243676473
2025-03-19,100.1708642915567,98.09105889783768,96.89390625635713,102.20269302505079,104.97563929053904,96.99742362627981,101.82525419345562,97.47320826997075,102.76190643521294,99.37376024810108,104.57618448861555
2025-03-20,100.61561497363418,99.51804495671723,97.89520939983636,101.55174742450815,104.08886459938428,100.4745584681383,101.3908837192325,102.46148375198538,102.80372884646133,99.35749320691829,101.62196006388898
2025-03-21,112.92944037116715,111.64327764750253,110.50105833651857,117.36662719083982,117.20241871609369,112.10275227006143,114.98656843179639,115.81666956788666,114.94389113833768,107.9976984873544,113.11521025608165
2025-03-22,100.06992365178209,96.88149948396607,96.23901774069284,101.8323071415466,102.24716856715132,99.70604430142198,102.15499332025995,94.99898635531582,103.96894804861725,101.32917373864397,104.06220624715041
2025-03-23,112.97888245114069,109.26505673861722,112.68953399066385,115.57870516383218,115.11679672119767,110.68701122222879,110.80285558497063,112.0392097328573,117.30192241666076,114.46341845480606,112.5653050012137
2025-03-24,100.93582841452809,98.14133477365287,99.43109506729914,105.27206503424941,99.73505139909105,101.2534250355583,101.83963461946082,100.92247327428495,104.18648986230609,101.99464391565452,99.19119459709073
2025-03-25,100.27322381797008,99.37040400232462,97.81367262823133,101.98261162031022,103.46165699613285,97.9834066519575,103.16019399138214,97.65841661816081,104.70773686144885,98.40909332084665,98.46664181724928
2025-03-26,99.7371419000384,96.16562888555048,94.39511690198346,102.16470101638446,103.31853550604951,99.12977095119662,103.84638709800123,97.76677256673126,104.52317963350367,100.1841200422333,102.31324237137804
2025-03-27,100.3834288294524,98.7732567406208,98.84197340362607,104.63584366806217,101.80629025470846,96.531024613349,100.24133500200477,100.7703431990506,105.20902875691353,100.52772960050912,97.9526191228639
2025-03-28,112.05752485835613,107.08880535794843,108.26092501050428,114.97064457826502,116.12861341410098,112.04172392521448,115.86198637253382,112.10223077506454,112.00943255764065,116.08930957676678,110.72755237713861
2025-03-29,100.55686576049415,95.47506643634505,99.88129429885643,103.98609909848865,103.93989300359308,98.80155934410006,101.05740448793127,98.7681411476912,102.02271559962975,102.490851192439,100.35139127451527
2025-03-30,112.38973617375427,110.86516188560951,111.74576929573578,112.29390106611967,111.9375081519653,114.0951081200583,111.68294947843845,106.85902193553818,117.57238692234415,111.26546405095148,113.91046236800666
2025-03-31,202.0505466382178,199.23679811662043,191.81113547477227,214.76639542529702,207.05240230575993,208.2675073236147,203.3676364997178,196.70891451777007,205.5311031492137,200.55814837914883,200.18899380338013
2025-04-01,103.11047996729565,97.7828041808525,102.45303491371547,104.75697951930303,104.35960762835627,106.77351769708758,103.80818789205046,103.06870437915404,106.0098792175164,102.40400388496064,104.48493828711526
2025-04-02,103.55440237952898,102.41361042425052,100.20833685263501,106.92639681883509,106.04599662005167,102.04811587739312,104.42562251123667,101.71933530805505,107.46297585848545,101.71146503089132,106.37271796391067
2025-04-03,103.0206504774669,102.80316377208143,100.66908925273678,105.43788750797205,103.73697048955277,104.42874614899422,105.03776968903531,100.58458746993414,98.850170732305,105.73497385979152,102.49982148169521
2025-04-04,116.14453004654465,114.47372534315843,113.21416252465305,119.91229119612156,118.33720677673205,114.86669665538889,118.18538930962913,113.07576051451382,116.01267184897988,117.23431098154268,117.59104396509204
2025-04-05,104.06743431757359,100.24408131807242,102.24677842501505,107.06145204712857,109.31764001039184,104.19340649224475,102.20655568630687,100.61889285358305,105.72091778939452,105.9794627653877,102.30176722547982
2025-04-06,114.80138753115043,112.57634356986314,113.04736018173847,118.54925744628382,118.91329345613444,113.11428917210564,114.02704725669845,114.52072263262404,116.47353350138569,115.28559329658003,112.5691112743548
2025-04-07,102.88113976150305,99.22945066712444,100.2703792807284,105.43084369584066,106.09707269608322,102.19537825374837,104.7344265899391,100.95915504638911,105.75829858197407,104.2620250008989,102.02617082879368
2025-04-08,103.45350373058922,102.01144092932331,104.20070892468298,103.44685159505627,104.03127807356726,105.388863791581,102.5216727282518,103.98950904456132,107.1627507160381,100.331035434885,102.62937896703879
2025-04-09,103.63465832865279,99.03182333720855,99.82873926077127,106.73799833086248,108.6416909555485,106.87292519934408,102.14137744199326,102.63631197558122,107.25951753316983,104.6608401645924,103.109917594923
2025-04-10,207.3625175279407,207.36805992254432,201.58491012946178,209.60610579334278,213.0957673478189,201.07982349417622,204.76692164974682,204.35041579086726,219.10421743123234,204.1176851606159,213.91611858879835
2025-04-11,115.72407961949624,110.79549953510443,112.39757130847288,121.16926696150459,118.17530529850347,115.20861648348613,115.03769954184398,115.88717502081624,124.40883847743754,114.57943101935619,116.25481296727273
2025-04-12,103.24244116665761,100.71735691153032,100.10630990609725,106.14363854614156,107.08983248167048,101.42050647997965,106.40903006670045,101.12742009955015,107.94971322008716,101.43538800735135,102.88593855419263
2025-04-13,115.91383173153804,114.9353013022804,111.38024923672162,119.4319271711418,119.03794408502333,114.24972841431467,115.73714015634094,114.55220115377965,118.80144100481738,117.25450460100616,117.25828009400577
2025-04-14,205.62675827257567,202.27033683187955,204.32218037831564,210.72454077738087,208.61989155886073,203.39803382295557,205.19712606612583,205.35002479946698,209.9008913621565,202.6334944553225,208.4532350091645
2025-04-15,104.1671008737236,102.70921429242608,101.27117107754928,106.01388810242135,104.44811976190134,106.04422286302365,104.29334695794485,102.89286350815772,108.52153310609185,104.63813630599508,103.15778316272643
2025-04-16,102.91164074546522,97.35252630871523,99.25419684973959,108.3258931284241,104.86269437193492,105.5592369768794,101.68559847596599,104.51344519757798,106.83950779184701,104.14464706964422,105.3467688904063
2025-04-17,102.35085677279599,101.30037255964804,99.53875191915607,106.05779278129776,104.25685441563377,103.63044050527391,102.5794196437507,101.76375880506151,104.97558732058968,100.78096492105026,101.51602740643942
2025-04-18,229.30367392702036,228.97043282779592,219.11800137243011,236.35408700087334,237.72978809051392,225.45286153934177,234.44458594703974,228.82082378075796,230.59710492829012,228.59426050088382,233.10880114550307
2025-04-19,102.44769144810301,99.316449182249,101.26092530462354,104.93513209052048,102.69114654644453,102.79759939687851,103.07714463076005,101.1805426382407,106.82621708082013,101.91272903763351,103.13402904148889
2025-04-20,116.1296401032536,113.93818592161202,112.27904209733258,118.0634765608283,118.66528035391991,116.37817169513247,118.26991454258865,114.07688896061397,119.09633633820167,118.37493642401692,113.84707310062873
2025-04-21,103.16102174875446,100.38684378328448,98.28849128905243,108.87225117246055,102.95615390631893,101.46338540232166,104.11164228188652,103.40022209405372,106.70768998234529,106.75142608813995,105.23556810348889
2025-04-22,102.95413087285016,100.65146979319594,101.18300067342366,105.55539947958366,107.11553028246652,101.39354130630032,100.75942572860794,106.86955491594442,104.80019815156462,103.40628068861706,103.06931876314613
2025-04-23,103.45615096537614,101.50440991207437,100.4667536271622,108.91058914975403,103.2136693561234,102.42928700299902,104.53274950286203,101.69481266796008,107.51273743639629,102.8899316388629,105.1840148932414
2025-04-24,103.22242208279775,100.79803347067866,101.54445401102237,103.8428667968729,105.19432522391695,105.83826463172132,105.08633386409576,99.58895827566073,104.25343862970075,102.80625640591346,103.8720361573576
2025-04-25,114.80178036175784,111.878748129632,113.1224439561177,119.76097831964074,116.78919168998118,115.07016876986584,113.01952706283578,114.24238803412712,119.99783194822096,112.25605685096058,115.69228256253845
2025-04-26,102.70995507612005,99.56884495742996,100.487876386483,104.84849798834084,104.62801617050054,104.74473117161295,103.50629222467452,102.20087304076486,106.71708248398726,100.09056647393508,106.00668908051425
2025-04-27,115.1110551687848,115.22921275607051,112.73534428170304,118.44938206499214,116.93038955304513,115.3836119005915,116.12126615309063,113.67445574561124,116.23364274256345,112.33000967889991,116.18083274415325
2025-04-28,101.41871271738967,99.17106208276178,96.43856760043043,106.06302251411726,103.15201507345604,103.44081038628521,101.6392843593373,99.02025056429372,103.9053842193018,101.7774742131777,105.26915642511008
2025-04-29,102.61824165423491,98.61244317678032,98.55291912095868,107.91788270005905,103.54418040706827,103.48223399362263,105.20824299656917,99.87934608645774,109.06845793453185,102.08921622997671,102.40806845352033
2025-04-30,104.37197322680767,101.42073417317408,103.22503117754474,107.34932783686973,107.29829572697656,103.10348372670465,105.86861156170421,105.54954247192987,105.07230296436458,104.47079251947777,103.42067499550107
2025-05-01,103.48563627365505,98.0011295117903,100.18474165812842,108.17535011596227,107.54552830942465,105.24994345806194,101.43953803698517,98.67310964508319,106.81968119584064,106.82395240184586,102.98611691055584
2025-05-02,117.11459633705908,115.76954600055134,118.20893700988402,121.86175164470741,118.6298044141622,116.82375381576452,113.56785531086578,116.92444919676836,116.99144082717312,115.7477387676171,115.65581364947438
2025-05-03,103.33336251836575,99.11966245908363,102.67199732639992,105.5872760769168,104.91157936247765,104.01964525569747,103.49731514371295,102.50718665531109,106.4129217614099,104.0568190394832,102.48488374800354
2025-05-04,115.07276211311968,112.8556367271995,111.04705113669709,118.79357677414451,118.92404054868402,113.62334545750673,117.09236064858312,114.71428548873358,120.83496059875561,113.45152341112339,113.89850118612995
2025-05-05,103.46923279232124,101.70050359381672,101.31538590090284,104.96281725385172,104.11788382521732,106.05827905229094,102.9093611807623,99.37992155242556,106.1219966618737,103.82126751371858,104.71439636295197
2025-05-06,103.27174199848967,101.99242328460302,97.94822818518844,107.78801014725005,107.88774896955199,102.21110551761157,103.6056057772674,103.1908116436356,106.24088193343903,104.21432391983275,102.00981463781551
2025-05-07,103.66342211484678,99.43677266461442,101.64857079277847,107.55131693931216,108.42990628839189,104.54376928474848,104.01178012171628,101.09638573561284,106.50975073538814,102.3708955188955,103.10202115177901
2025-05-08,102.63649301475476,99.7791692929277,98.19398457024577,109.36213424505176,103.82188519164498,104.6563058610029,105.99134878544069,102.1111523280581,107.28832313534753,99.20560418616176,103.12674313584512
2025-05-09,115.33841373816983,113.01850524523678,114.143414293572,118.30998746101112,118.04551279710257,114.55862845672783,118.25853461683364,108.60792918664694,117.97973723402623,114.16655108867351,112.61253240181645
2025-05-10,102.4705542006676,98.69474888313783,99.4111016081299,104.24244186307703,105.07321182741151,99.53741267498468,104.54942354191917,100.28265424128463,108.21059365116939,103.24838973702582,105.71836939960384
2025-05-11,115.40039044352521,112.90951289646416,114.44670966770529,120.48729449756004,116.97512333717738,116.63153293778504,115.56671699599093,116.9255438014197,117.91237690371607,111.8236383526847,114.71606096148695
2025-05-12,207.60617814110444,202.33706354139085,204.33650817907468,216.5105964573624,217.1775362311284,206.87084341451424,204.3560720949624,203.16443799221182,213.35262448370045,202.78367370025626,207.97657065854426
2025-05-13,102.83880064252129,100.7818555896158,98.49903163999173,109.12551644138254,107.04155068323931,101.06595400942801,103.50092431799555,99.37620763915427,104.63732588433471,101.88194656086579,106.16531504883633
2025-05-14,102.91153052630334,99.93346774429855,102.6200756530681,104.18900571558358,104.51610041790723,104.03673805639701,102.8234821108144,102.38529864125556,102.94382995821663,103.88032239985196,103.12789139065639
2025-05-15,102.99978098616509,98.40087741559988,100.52835507176242,108.12753846184171,109.04456061283125,102.26427602631513,104.57853850965553,102.52668102925998,109.0521979078051,98.34672536669363,102.2451973848735
2025-05-16,116.01818888723717,111.2503964143142,113.41629881705116,119.39763657710411,121.90229644023286,111.40459658396571,118.8784959557222,115.61969797438383,117.88558066224469,115.435324680666,121.48811323640385
2025-05-17,102.00825399038825,97.91378858406156,99.21760981719743,101.72459450627078,102.38163227692398,106.66454301669386,101.64860323840652,101.05826539045367,103.66444637016674,105.1828958987,105.98005858911495
2025-05-18,115.31622152560448,109.6397645992964,114.58957191568827,122.05117334185704,117.75226314332141,113.62817414023154,113.54819414905016,113.55111825648176,117.62751967419379,118.45857112971294,112.79006521826588
2025-05-19,102.814289115788,101.24519365318311,98.45762255338906,106.85081748780145,107.08320698455766,100.94107709402539,100.9292794555753,102.81630269248713,105.86282248004608,104.18613883714731,104.26644378147545
2025-05-20,104.07998501593772,98.06202644195164,103.050022402833,107.77735490732648,106.19429796004334,105.86615159407694,104.6017299324364,100.00489232294609,106.09568159171886,105.87036073249057,104.2329739593541
2025-05-21,103.99356770916555,100.8684028013242,106.15124300793833,107.71106719219185,106.35374995608382,103.95012493193674,102.8424157949835,101.1558850130627,102.34929750991078,103.47779612815151,101.40111273671383
2025-05-22,103.91502508036619,103.10594002698491,101.26859877787247,107.81556805827883,103.84948128659124,103.79710186434306,107.64051583414471,101.70892168347785,103.5453532749478,104.69169165829248,102.64033246806477
2025-05-23,114.5470004985976,112.95713922634849,108.8333869350078,119.60461946347438,119.02230972328454,115.14087284683788,116.48959248161962,114.13331335929206,118.91440121065439,111.83048131350328,115.36414087414794
2025-05-24,103.25476802944422,101.4202269763373,98.4294126386583,105.18611739783489,107.97301241694348,104.08254455490452,103.41381623226323,101.68739300194433,104.61112121020233,104.9858432987905,104.66157579068438
2025-05-25,115.43055940258806,111.39493870736781,114.54919614755433,119.26335306760939,116.95756767409173,116.93657940381212,115.98938781614314,114.92541857292382,118.23965778407361,115.3321970612832,112.55328241297475
2025-05-26,104.03454894313067,102.64457017488854,104.22045905863258,109.35209444424149,105.33325285362952,103.65463261583372,102.94893872444557,104.87141909742455,107.72861834550024,99.17187830468676,102.34322567546832
2025-05-27,102.50621531160301,100.09758812035373,98.56397039079832,102.86066088460746,105.86567863609213,103.8616590529353,104.22855783289519,108.05679787291298,105.87429659263996,102.85715783983525,101.72139593145491
2025-05-28,104.16885686295967,101.69384041315247,102.16495571164539,107.5271724853589,105.76663553669995,101.87505441046402,107.23909122638577,101.82475265836672,107.49521919632325,103.20759935732616,105.05297518944856
2025-05-29,103.41868430344863,99.86754226616343,101.80258025340234,109.35764580947416,103.77587875143792,101.22023028865527,101.9518490386688,99.96957878407825,104.90368184970468,106.29976109772502,106.22939712993352
2025-05-30,114.71239057433291,111.84649620602531,110.08463419856359,118.15541562195182,117.04462179582796,116.08189501986577,117.34153774206462,113.05790296294784,120.88185195233952,113.37173550202904,114.49943858929899
2025-05-31,103.00871073324919,102.379904960399,97.51587075172338,108.51862046907799,105.7497964629386,103.12827396895852,100.74862666496217,102.65494710303544,102.15319863048205,106.57506134267989,105.50575050578789
2025-06-01,118.61869195184104,116.76243821909127,117.02308675660483,122.38051374519655,119.39926387467952,118.3449991951965,114.72356108809474,121.37710474516437,122.19624093905523,119.8713662348541,118.14303274347878
2025-06-02,105.49329146937723,103.42552259729455,101.87731081884091,106.72307879757935,108.66758548863108,106.28625482666095,108.23568023580499,108.23055062594914,107.47510542875983,105.44935062620021,105.06458737237793
2025-06-03,106.59341806206096,105.84537883598092,103.13277103275419,111.82536732431413,108.23004353944896,104.70482009436319,101.86079719518638,106.81417528782667,109.99561318631464,108.25567172300862,109.25910778301929
2025-06-04,106.86786659529561,103.42240411638798,103.75022367239627,110.03476337139199,108.63692814192886,109.12028425694999,103.94515953891455,106.37675882018603,111.49067404544131,107.55810952894656,109.84576770535125
2025-06-05,106.86180706753204,104.40258562294704,102.9543719052623,112.39548359934702,111.24286703426341,107.93320643963074,106.73913316927775,108.03634909763791,110.06417713484001,105.08293103693127,105.35583444253854
2025-06-06,119.44127301886297,114.36967843364404,117.66722611363137,123.19246364338028,120.62233387951625,121.40575209783466,120.0122645724751,118.82514982500743,121.8704091510303,120.83781811414221,119.79796555698148
2025-06-07,212.4040304601278,210.54353330670693,199.29509230870548,218.73513032842166,218.3521151997772,226.777816809075,213.11719755596613,209.8637245066812,219.50555160759222,208.40477758818676,212.4830963860519
2025-06-08,119.45311686760961,114.28075347983214,117.80896205472435,123.79730281737038,121.19926391621776,121.31928595782679,118.79111230371925,120.50279954345929,124.6827470819736,117.32607754709501,122.02106666356904
2025-06-09,107.77290626895245,103.29318154578893,107.30009668669128,110.03850367238199,109.81182911038066,107.47128795016457,105.84165534644033,105.59534768275529,109.48610609853588,109.31384467821202,111.85617748279135
2025-06-10,106.66109533117834,105.05922768290975,106.49839436165479,109.40113823600797,111.53638958636722,98.91704412510103,104.85085932937301,107.5805121536333,110.39235919660042,106.78416915814938,105.75517966539057
2025-06-11,106.25388789359836,100.93023935068152,103.6456553612809,108.70016021453807,110.64475155244034,104.84979896135334,109.72707585539176,104.42292397338291,107.6631145276322,106.11230871284654,112.01636505602133
2025-06-12,105.00801124692346,98.49674939717075,104.29114526059402,103.76639255654958,108.11767635754829,106.5179205175223,108.00925838210907,105.80109120549626,108.0196357242495,104.86010901631222,108.95397652876807
2025-06-13,120.26796650783737,115.34408084455066,115.13138816749243,122.58392546446026,126.4678207902185,119.01519571044581,124.661721183843,114.98813200304521,124.11349296385582,119.90411304474479,125.8960927420821
2025-06-14,105.89170659343286,100.17023071757114,102.29580274116006,108.83520311351012,107.28712780290374,107.50799363437719,108.69016196351141,102.16534506732911,110.66804015416241,107.31869476976433,109.09477687456925
2025-06-15,119.88506434737273,112.4978344321741,119.12526046169353,121.50778105080349,121.70876685741456,116.90315848161576,123.76631739740029,115.58018182492481,120.19809643062867,125.27567122540823,124.19697809522539
2025-06-16,106.99015496647964,104.9891529916782,104.33068442931896,111.4148187778435,109.10866701926075,106.49515040879068,108.24296879677551,107.5006320666347,107.81277656299399,106.01602792928172,109.1204481155613
2025-06-17,106.64728891461812,105.0026921844911,103.13441108751378,109.73214941403113,111.79769641117821,103.32987367180195,105.9594402132812,106.70365284614684,108.3149436480406,107.30672921840542,109.55084423890057
2025-06-18,106.39727605411545,106.6684149903574,101.69337871062048,109.26617610973791,108.40487518602654,106.82232351495732,105.12054962110032,104.25951284488252,110.43284624852427,106.0722789485892,108.54978986230925
2025-06-19,106.2194721969225,100.72413076741378,106.13946314621705,107.39201540047267,108.85213733077765,107.07285213181069,106.15616955547955,106.87433868761961,109.55546553390927,105.57036999316634,108.72170494139674
2025-06-20,119.83108987676087,118.46582961015919,116.47740500600963,123.77957010675176,123.128857838757,116.14451096746629,119.50983904961002,118.4028444503658,126.64674408702939,117.36433013821161,122.45154784918375
2025-06-21,106.95194491406906,103.47380729425996,106.59507147769449,108.8368835957282,109.4058530164299,107.50522172207486,105.11889646976917,103.66894458151452,108.86039597819125,108.18907754571926,106.99774257262924
2025-06-22,119.58925288288643,118.69204218055269,114.69500780846478,123.08193745088828,122.53090624596865,121.0191664996723,120.86423670345303,117.57846463108555,121.51027166950414,121.8638607179877,115.02412150263704
2025-06-23,107.65424205014361,104.55008886413006,104.31698903106984,112.27931277316304,109.3326116678888,109.45593536032605,107.51804819172844,104.210786524356,111.8946840393843,107.71511438740401,107.63205103543389
2025-06-24,107.58963809198885,105.5159733193791,105.59512020437325,108.87792924404705,109.97437282168875,106.82830478490048,110.45047604702174,101.94259559235245,108.89403566447314,109.98595506808347,104.4073803138247
2025-06-25,107.12250858448702,104.83496020717708,106.3244299114156,108.81334390447442,110.41209912067167,108.5947434857421,107.53321634756679,104.24634831101666,110.00262592849134,103.39695900180344,108.05124070332192
2025-06-26,106.44426548723418,103.61445564358272,102.65921981228742,111.12728597664565,109.60223111066193,108.39957405579626,104.76795803829755,105.26021955322014,109.5750454585484,106.84678935673513,106.60410771560086
2025-06-27,117.82600408903028,113.81474885068339,113.06244062510447,121.71305889398923,121.45680508167808,118.7944750057479,118.26168345756278,117.41267510520306,123.01101895838762,116.78709937385352,122.44439827706212
2025-06-28,106.59540110287709,103.05830662107587,103.7874041818683,108.17048884049426,109.63135870533397,106.23419357882949,105.59920741759873,104.68060919228397,110.80828074285111,108.81350617216515,107.92800199651954
2025-06-29,119.7640863969008,113.93005077671502,116.72585525154454,123.92215586920287,122.44959980336907,121.71278577658894,119.86362826098775,119.19961720201034,124.03372382687029,119.96205717214275,122.98180846844348
2025-06-30,106.52206260960112,104.12586726035791,104.96281701930218,106.54639587766582,106.43566565817358,107.91629088605623,108.03779130853708,104.3060276811205,111.77429246959865,105.6954113688552,107.60171662544023
2025-07-01,94.92609799269688,90.5655785298185,91.78546357618465,97.8324541801429,98.34842218536653,96.62260806439846,93.45787667389145,95.96757988851773,99.84435376862255,96.41537267878249,93.53759991075025
2025-07-02,96.08111857329219,94.00894861446099,94.88540974874614,100.25853786566665,100.72649198020929,93.11319324712368,96.64787001792662,95.29884768345673,98.03402720556838,94.61999815000769,93.68146289743592
2025-07-03,95.26904452035699,94.32386257747,95.02539451079895,99.40714960960983,95.85774099962494,94.55485624439764,94.70120798830328,93.32525894311338,97.68953885020521,93.00602329165655,94.29343399426972
2025-07-04,105.32306313202247,103.198776894627,102.69258881391096,108.40914643537886,110.00845230923555,104.59702054352833,104.74812336194618,106.39899023899417,105.40337029430387,105.98817161522429,105.56534048578523
2025-07-05,94.63895791450099,92.1624973267489,92.76241711509276,96.5396264631233,96.98357870208797,96.52909002930637,93.53677761635602,94.67861254082986,96.93329436916468,95.43917687416653,93.04194417727932
2025-07-06,213.87992685342826,209.25258586793447,213.54433860097083,222.21015492621072,210.09569860016344,206.16701703811654,216.6378611565608,213.074748452558,220.5534262074934,214.87669938069246,216.2899579300609
2025-07-07,95.42132234803074,91.0232910489968,94.14797661931897,100.991617440689,97.80227636698315,92.94913371890672,93.90706233016215,90.67501795381939,100.08042872951087,96.16776386283749,96.3739474212203
2025-07-08,94.7657411596912,92.04803270555381,93.57575431381501,96.23792102550375,98.00096666057588,96.37333130216447,94.32005426367014,94.16227717787315,97.08938720072541,93.99058201191936,93.51461414193443
2025-07-09,95.29708343810128,93.17618872856737,93.49137972253132,98.65447213540591,95.20795920981736,92.92288493241507,97.92981089829972,91.81943655892958,99.28659126059428,94.56805894380537,97.48545288233694
2025-07-10,95.64168494148413,94.17432132594054,94.29912344517994,95.80148117097089,97.95925459535819,98.84651289699784,94.40811919317335,94.20418885068725,96.18847846394327,96.20058083533755,94.50997816703398
2025-07-11,106.35914190385826,104.12304181256553,104.14057491308012,110.68585545363713,110.01421183362652,103.06475015673755,104.35979123703402,104.79933074236824,107.64680678031343,109.1955833823219,106.07028162622203
2025-07-12,94.69352169053707,92.42478691708061,91.32070520905681,96.17590745416754,97.64387841529812,94.70423417473594,97.83865202321405,94.30420189563874,96.94666800841537,94.22509681898731,96.19385812315744
2025-07-13,107.20398598800037,107.10670602089985,105.1003747733095,109.15522515140567,108.9415947181942,105.09036396967436,109.00190490406352,102.95357366957857,107.41177027640157,108.44854035216703,106.75944484455792
2025-07-14,94.60405513388442,93.7141892060594,92.21418021740055,96.59882778174381,96.49484935879272,94.42446783810122,94.25348876978921,94.56263083659051,98.51788699034675,93.10799226673873,95.48396258621909
2025-07-15,94.61785572752014,91.57058964392503,93.26864213456719,96.55012151243504,96.8510102372061,90.54563689112611,98.16753113511218,92.37414700638757,97.51033185471809,95.00542177376511,95.81591485965187
2025-07-16,94.70988485638763,95.28207922447314,90.90868815588671,97.894403909024,97.44291827646218,94.38718633298193,92.54394745948187,93.2777147478371,98.38255545398299,93.60732174214152,95.74125037017734
2025-07-17,95.33814972873347,91.73229413416794,94.20272497146061,98.32357548827525,97.58187288447519,95.08647073016328,96.33070187377629,93.3994968887686,95.74655494576643,96.26910785505031,96.41080991256536
2025-07-18,107.46955183359249,104.7362457563254,107.31684233395687,111.23630347111711,109.69833372840756,105.07338482092415,106.75779493153713,103.64391682949066,107.64987556107405,110.69035399896403,103.87573063638443
2025-07-19,94.95110946505612,92.32082889685717,93.62908045528742,97.9177570840721,96.68763186225188,97.01763880976014,93.5714953546163,92.67496273091635,94.29622662590901,96.62277330417781,95.34850033192225
2025-07-20,106.83121988008678,103.59238985757204,103.41721400634077,110.22833617913416,109.2363256466408,110.04076478382929,106.72758349685279,104.67063849322575,110.6244924567665,105.70809401618328,108.56622813095805
2025-07-21,93.89684816440872,89.71010382886071,90.95023341238203,99.07739885659494,97.18447748688847,95.5366004552074,93.5097965302863,95.87410998177042,97.66113678714147,91.23643076530172,96.82961463391811
2025-07-22,94.25733179168223,91.12375673759274,93.64062629253542,98.0151599410256,96.50346586168165,95.464365181383,92.93771922169483,91.54093700767655,94.640942321482,94.68414778518515,93.80235668365349
2025-07-23,95.35962306146422,90.77146101450087,93.53795998981852,94.65885459269796,97.61828534291551,97.21851814264305,97.80154174310015,93.32950926029504,99.72637205106093,94.8784840087376,98.29724707681034
2025-07-24,95.21461244604643,93.50687082838753,93.11600184291585,96.78926549683021,96.1872209910679,95.43245775779349,94.81851336287242,90.8779981993038,97.96008499293669,97.17764686137603,95.29082743978137
2025-07-25,106.3772069429251,104.02594608646079,102.76061479509212,111.44204401381921,109.05099558348368,107.4674351320703,109.14139204619966,106.37964088858438,108.40852301235962,103.74302977207094,107.37977107697968
2025-07-26,95.37567580816174,94.16153914205732,92.55278762525667,97.16865364250815,99.93960364389822,96.32339295294678,96.25867166790648,94.14557381870641,96.88041837934854,92.50938319098718,97.27941920159928
2025-07-27,106.24732651376377,102.40804916760959,104.48164004435037,107.28911699471668,109.25737261631247,105.4292037734805,108.79351226232605,106.67373379073948,109.83885300691136,106.59888730061557,105.3412490927901
2025-07-28,95.3188091242083,93.18981583282081,94.09495185204169,96.72122197828806,98.87275186924461,95.32112831205718,95.42974345939915,94.55794938816088,97.01778025194345,94.3899463849037,95.13359824872086
2025-07-29,95.04238751224534,93.24747799032215,94.81633086608119,94.66072351791418,98.55268046453658,94.59316807238386,96.48781517182097,94.2046394481377,96.87801807594494,92.59266791614627,95.38406581943642
2025-07-30,94.57053003765822,95.48447615477349,91.15007658724286,96.01118566217262,98.35506390509728,93.41294577917657,95.24752848742067,93.46927517299044,96.53976136503302,91.87991927882958,97.19574241104169
2025-07-31,94.70413548585066,89.80988745669758,92.5738864001245,99.61979438773561,98.401237516056,91.67751053896244,95.52076583119951,92.14952918644826,97.55790419981308,95.5161615957604,97.58992052311565
2025-08-01,116.89281232935664,112.81115552830751,113.16194587594897,122.0682663768427,119.31383387654392,119.65724020439428,120.42652731673124,115.04245454159508,116.70843967326526,116.85107085005602,118.17435037364966
2025-08-02,104.44914474521025,99.48306828757987,103.08766672616557,108.73075254176524,107.81783108352747,102.15525447521541,105.88464025663053,101.50512745530872,105.47171701243686,106.24511146493847,105.62639592995123
2025-08-03,115.74144173175148,115.41661269142264,112.090043273641,119.86810685805699,120.45040025720066,115.43834500500188,111.93907988681846,112.27068150816892,115.52587403639156,118.5300183757244,114.5876425227963
2025-08-04,104.88526528447028,99.69862493573582,101.33119677923523,111.0625352198369,108.47214863456477,110.19965460311376,103.99303607531976,101.83313294674667,106.94817487982925,105.05743037903983,103.82413102376346
2025-08-05,103.70353302808168,102.83715287073426,100.82744270581513,106.76300369561362,108.17644523104448,101.47827301207269,103.75949662334531,105.01289775822015,104.93413238309041,102.01328141476255,106.24456998776527
2025-08-06,104.10847904631413,100.56117170928145,100.85165893426309,105.85430596369629,107.37018156466492,107.90910671495361,102.81159780254762,102.15236736853826,108.39375054057187,105.16995515127252,102.55137667371912
2025-08-07,103.00576549524625,99.78630850109812,99.12578583375344,106.2234946970772,105.17284741699972,105.6689973144443,101.9953385862587,103.4098655616962,104.92957514605864,103.76151621297946,107.36423166792238
2025-08-08,116.92796153981266,114.79879279650446,112.66411449151076,115.996500325142,120.07748037923218,118.22944140939975,119.39162721784781,114.30674170186583,123.13089254145163,115.54155643693929,119.79376193903741
2025-08-09,104.48802587589613,103.60990911854212,100.70058729024396,107.55699365103695,105.98989733874147,104.88145643879699,105.81280483623839,101.58776748852712,106.20645137749878,103.87320111049044,108.12113062692549
2025-08-10,116.37217498348707,114.89425505451875,112.3294761775713,118.98202295349644,121.21282717752166,113.07458810586607,116.58369808514743,119.01884359640164,118.80277315363358,117.42134646543926,117.51539502817256
2025-08-11,104.01743364668863,101.28408990656757,99.11388896456943,107.15701931949746,109.27819845233118,106.41409505688402,104.18964158103164,103.33490210844674,103.67381309027856,105.71002646121767,105.1721800378157
2025-08-12,104.33304717206215,97.55586182589167,104.36658829883272,109.84070970971743,106.46478400457157,104.60547184421777,106.30771485521365,99.57641861997185,106.85938008834606,103.17019080468675,105.92936503143474
2025-08-13,105.25831129488164,101.81444472992797,103.53923999201541,109.77905663075009,108.7732753684538,102.54790202399562,105.75985306170371,102.69080252116358,106.5832604848796,106.29341269019201,105.91817008125359
2025-08-14,104.55614621904003,102.39218727883244,98.89942675235402,105.54769954934386,110.87741688679019,106.05332316389406,106.7535448791175,103.30017203967505,105.93910216042238,106.87866868381974,102.34322358281435
2025-08-15,232.1075026777276,221.4149643216061,221.90682519423666,233.97134755373017,238.33530452849692,239.7953686281617,236.09760046287818,232.13664517822815,244.57654701257158,232.5009188478514,239.51845575540415
2025-08-16,209.09435132761288,208.2248586898728,206.66316297998213,214.45135526401668,216.60120898001188,202.43338183845944,209.82284669795774,201.5565555957825,217.60378575394995,202.81557635407154,207.41758172084013
2025-08-17,116.14448154129983,112.05129970604818,116.44577991027823,118.39934984912773,118.96831756412256,115.95163939836846,113.89017916626041,111.6958016293102,120.3731056103611,114.99921705787327,117.90176665132694
2025-08-18,104.46005012659768,100.20197023436577,103.7207789342551,109.19127146411883,106.39211087777306,103.76091155906668,105.0994992478783,102.05936266607048,104.66341931520294,106.33103035482641,103.50848489072462
2025-08-19,105.92627399669587,105.66908772398318,104.48377102822597,106.57416653007238,108.95170855919912,100.38237290228946,105.57705649467779,101.20570393982352,111.68443612155257,106.09189710028475,105.42421492191485
2025-08-20,104.86989935407348,105.03114925139552,100.1909180129802,107.82576533274262,106.63644975010415,104.10319037683495,105.63723268697476,103.71285271409545,105.75686298838438,107.01378333916055,105.79928516597187
2025-08-21,104.24050386159024,99.43434290021104,98.94078701732559,109.48566628559725,108.24042598261055,105.9389355747902,105.76402678689634,106.96726953899731,107.52935563595965,103.86790899338841,107.58519708756388
2025-08-22,116.58872214513954,114.8441527416935,115.91764850647782,119.88040900339617,117.4144898063339,113.94702474757848,114.61013580290987,117.01458179184078,119.78212597814623,118.62418339609881,113.97912201274
2025-08-23,104.98713013868425,103.1098846898276,103.27250859600085,110.94606922752699,105.70935357349258,103.05761523976355,106.02250477203832,103.98410093871945,107.55906224178747,104.9970403169869,102.07612399404658
2025-08-24,117.53703938648084,114.33135935508292,117.5661016613251,119.51306794977579,118.06221098837062,117.81307962951345,114.46884015429053,111.50548327593263,122.97501689993348,119.68413856827475,114.7812371346869
2025-08-25,104.6183960275422,101.17332533799416,102.04163185850672,107.28878516545643,109.18386008321974,103.31365128337544,106.50205368750122,99.8118831931085,109.24927610223138,104.48991304470302,102.55189453205587
2025-08-26,103.98950888019013,103.25194435835758,100.3208839964338,108.70905913035017,104.45995386769285,104.83587154284378,103.03686432214941,102.5895088454596,106.76033282888135,104.57194514917995,104.19899146241455
2025-08-27,104.54323704169418,98.45112664272098,102.26801764446292,104.86527784047308,108.44671732244342,104.35661651176099,106.08686432808044,104.38261981502261,108.52342025821956,108.7745912066269,102.6351597397773
2025-08-28,103.4118828262047,97.18335541345952,103.15369493113965,104.91912697317937,106.06638064756972,101.28078400095471,104.90262868677124,99.74487696622036,112.34393614471509,102.14081395242452,103.81222307867077
2025-08-29,117.33210667399653,113.04156985922017,114.17568315139903,120.72959332220765,119.79545752400222,119.25545880912551,118.74116117388154,115.60055692691603,117.46074885554715,119.53432060599903,119.35906902089805
2025-08-30,105.29135557148643,103.81448829314232,102.4977084501983,106.05884716031125,108.60742177444402,103.64325909809878,107.77915639555724,102.66477161160074,108.94754465171309,104.21904471107432,106.60067330894155
2025-08-31,117.18869460330428,112.97946835407043,114.55983588078,121.30281680068092,119.37621390509928,118.46326655341984,118.25178325548504,116.36037107889521,120.6612252032706,116.42507258675577,118.75092089320552
2025-09-01,97.66768926573621,94.180892652054,95.19712599042727,102.57631804159925,100.13319856305678,96.43905907038275,95.11846350046557,96.0814373054401,100.24944975235432,100.7341552892355,97.96840783727546
2025-09-02,99.00659936306562,97.56136637771273,97.48223105484283,99.84100870261096,99.6727511126904,98.81528490129388,98.6085358371534,96.44289927438696,101.88709627202756,99.77763193505747,100.65432081088318
2025-09-03,97.77900949984264,96.33141669663263,96.187638295369,98.38097171937041,99.01590439917712,95.50729572884228,98.66183243142588,98.80639287480741,99.44850469040938,99.58368382595879,98.70072495843918
2025-09-04,98.42013400305495,96.34819982630515,98.32453983873522,100.42686697222376,103.342151732721,97.82877096233472,95.52094448235566,95.05766826171214,100.59357543878018,96.87649559197958,97.79366218689748
2025-09-05,219.32559983434882,209.4786867059168,213.84934330163847,231.84285762281152,224.4703842062166,217.2513334342578,220.04338851311414,217.7614908952286,221.10345470577212,225.4157165492043,220.0923737528995
2025-09-06,97.31028234612897,95.24183541400821,93.66783524607897,103.4301747453011,100.68135043712134,95.3813281553556,97.19988532519653,97.1700213806238,101.30151120217691,95.55654371089686,98.68164521919105
2025-09-07,109.82644193534315,107.73204927149101,105.59895424887489,112.64502728991009,114.14218144434221,110.72076286508216,109.88289371120828,107.06939679621884,114.95979168075299,108.47182691373942,110.21424951273735
2025-09-08,97.44933397169757,93.76139493000495,95.44624263509613,100.58955273280601,102.85915327814845,95.72522251047093,99.86583962704587,96.68802078395701,98.7452016495335,95.93092258873828,98.61310839979251
2025-09-09,97.2577065556441,95.25781948109363,92.55322420100887,99.31942932725342,98.27387251791522,96.77177749609629,96.92837256970856,97.1928311103439,101.14927188833154,100.9992241439392,99.5494832451169
2025-09-10,98.50991852918348,96.55168215205998,95.4002062974121,102.3816097629243,102.9168422244482,95.03801267789262,97.57319201600728,97.1465477825273,103.46928365169612,97.6848456691147,100.02374935179128
2025-09-11,98.51025551803679,97.09374234288958,99.28735928186086,99.2177526855547,98.63441927700687,96.28846262528482,100.74049039725942,95.69662817296306,100.59274914802096,97.14007037966688,98.92739024159516
2025-09-12,110.44298438031458,106.24063060684385,109.59782709369289,114.32914936008785,111.72063015463794,107.96373976369922,112.13094351088068,107.20136565826093,114.14642663914684,110.85807929127812,111.16155132155517
2025-09-13,98.35189090222191,93.96523637933673,95.31169981439007,102.61441581143127,100.78760284930671,100.42600192614681,96.56366080591118,95.91053866208993,99.87471270739385,102.818283809953,96.74676610318853
2025-09-14,109.28707395439737,106.56856785595706,105.04552763651738,115.29102540072577,112.34851096607758,110.49780500350971,109.06321275580908,109.90523931333459,111.00079172419152,110.03159950242414,108.55178671145345
2025-09-15,97.39175628892112,95.91912795174431,93.89820939202411,100.81813805972223,100.31748801598297,97.38220457081404,97.62677864380981,94.60277002328114,100.40552932459596,96.61631292279704,98.81556893519847
2025-09-16,97.42537017069607,95.22717678814962,93.83838599292768,103.78498461414088,98.8276504472958,95.17046197819177,96.85513888810758,97.15741256338254,100.28822621998678,97.86384762316197,100.83866257915332
2025-09-17,97.70368403026164,96.26448339859718,94.81728757849935,101.84407958274646,99.81636044507597,99.30728185719529,98.58820735499421,96.08227752242784,97.26791708393006,97.53976048253455,97.89906129392922
2025-09-18,97.89229925479567,93.92989665145538,94.34436062477663,100.83759925582495,98.09541872862634,100.32456970259734,99.80294483147212,99.21869386060841,103.97627896733081,96.52103062127122,100.69433383410363
2025-09-19,111.2683053649436,109.87286843436392,106.12609659520919,116.89885455896214,114.87361173259575,111.34121594759,113.16486409243338,107.58215370539936,113.99598279862376,110.09654625706482,111.87737231943365
2025-09-20,97.25107486494846,93.91404006073012,92.02177120336225,104.83440510956528,100.05920305922717,96.85041254694532,96.62438002247247,97.7661539334691,100.42490969128343,98.46290081134562,99.11113344974537
2025-09-21,109.95207863900522,106.7613665536907,107.89702787841473,112.48213386023652,112.55368271277634,110.28393363267388,112.60672487129159,106.97876578401615,115.95260835892317,105.56945409343088,112.01972385190295
2025-09-22,98.6520858957255,97.00572559406072,97.9956487097877,100.04227430939558,100.7151471749406,101.2483958577961,100.18174085351045,97.9314781770255,101.06281776628192,93.64237474199176,99.54477770753304
2025-09-23,98.90749288280998,94.08676583482536,97.98031151621194,102.09927187760752,101.40938767513295,98.61084077283556,96.35273529371617,95.40832228453263,101.6888420139995,102.32981577719511,98.63145325064882
2025-09-24,97.30315755420784,94.50976094410096,93.68228390901099,101.26767175192975,101.77621082882165,98.17248383172661,99.16232937879217,98.3096138724814,100.02124991894375,95.45149096329308,96.38872632729267
2025-09-25,97.85001174686806,97.1765481136056,94.18302697655908,98.3865888043544,98.63526838163422,97.4524520937226,99.68257535205545,98.05427412238267,102.26094183749179,98.39273157857403,98.52635077730325
2025-09-26,109.52712723082861,103.87094759858536,107.14786654229935,113.95756126963312,110.69740200554209,109.17034476219618,108.97321872466597,108.06878638000768,112.29494040389551,114.03165124253186,110.80596072524465
2025-09-27,98.00329504620547,94.86070634723015,95.69626087928665,100.58040231658673,102.661684550761,95.19049491523381,98.25254980574324,98.57516163146357,101.54891407224673,98.0601995918849,98.59894339941417
2025-09-28,110.50613918476016,109.38590782026127,109.34356580417877,111.1685472824002,112.59008552467994,108.63217807198822,112.3566593092173,112.43902061702332,112.20894706585264,108.12648562689519,113.85767227559722
2025-09-29,97.04329649223843,95.31575473465578,94.30696111328211,98.64459342316229,97.27934280389943,96.22020315432238,97.61185088325514,95.08853662326005,100.55599467880614,98.27432922758489,100.24780063576596
2025-09-30,97.99338616657167,98.01785049266931,96.28096199732079,100.72155374102849,97.46341441601659,99.8635804541973,99.10943768445048,93.7252750339858,100.73068606386911,96.32849517614892,96.0265284369291
2025-10-01,257.7960333381491,252.9848474954336,252.28721061312928,262.7768935633042,266.468163799137,259.71304047845314,257.45208490751827,247.3198887530873,266.22376654035236,255.37996398104494,256.2731711872427
2025-10-02,250.0005806150805,239.13584351186296,244.78275909169372,255.56181370414419,253.25143759295125,254.85294679575617,258.1904759074678,251.10398117877568,260.0226526110033,245.1800308057309,254.1675278815664
2025-10-03,280.1005968130359,273.88296944756706,275.1964066017506,294.1884830431862,278.0509507231129,278.54748008493783,279.1615615349386,279.0955089252422,286.60523854010796,282.3333773969229,282.75159082883937
2025-10-04,255.26827801166638,247.55949148674975,247.3632988682943,262.7881353286372,255.25282831457199,261.1292138159746,255.39301278030428,249.54284920018793,264.5766369660871,259.39264865449894,258.1946006661878
2025-10-05,113.13524379735438,109.64126808622649,109.32482381923958,118.66868619520368,118.9889192730752,113.30059319325652,110.95848277055946,113.01741663107684,113.88750320292097,114.78250367018792,112.96554350645134
2025-10-06,99.87205680559649,96.23127127273231,96.72679146894703,103.84630651118424,101.20092037084106,104.69385748994452,98.46967335513224,97.38026575749186,102.85875477518405,97.07149009871,107.4913712152831
2025-10-07,100.92352123614768,100.3851342614229,99.30522503457456,104.0262090187726,102.648304585059,100.87110333707318,102.00176782266472,100.5372958010016,102.075494533774,97.99330058103111,102.170858380086
2025-10-08,101.09076423142211,102.21205504351401,97.66315376005892,102.59818007332402,103.67381785980338,98.26267725601615,103.50819489746029,99.6491585934124,104.58243004678819,100.22113351477446,99.06046561517172
2025-10-09,100.42269542818686,96.41406505635032,100.54557364823977,102.60392317969905,101.69624635784687,101.613048978066,101.12828318749946,99.49728069801165,102.12478959082878,99.06100854315495,102.3039513944986
2025-10-10,112.13036932222273,107.60327680989333,113.05471565961922,111.89580031141153,116.16207351467344,112.0445446267428,110.58582223359484,112.94732841156387,114.08328462526529,111.79900064895644,113.59932461267148
2025-10-11,101.47157155661269,98.9289029057111,100.69322153308318,104.85843869836877,105.31585724060587,101.87602073731793,98.539727851828,100.36444940977397,101.70351630782005,101.88142356459386,100.90797133839526
2025-10-12,113.40186436677332,109.12361966675427,108.57855571444566,119.18669915298966,116.75364761464115,114.56876956126975,116.65065581027172,111.21530657015703,117.6843315771602,111.27216469493416,116.1652749529426
2025-10-13,101.61212758659794,101.46638092670325,100.65369100276648,104.47177114792262,103.51012526091966,99.56992307453936,102.18905100370142,98.6796974097154,103.38064038163985,98.44732787460829,103.97265060100476
2025-10-14,100.22735588612572,97.51134310900115,96.03937706989689,103.39198053288145,105.70174793188417,98.17141598423345,99.55532470466288,96.80549935322556,104.04892951687829,102.6415854545267,99.3982862505472
2025-10-15,101.36544114424274,100.35025670828487,98.82209253694137,101.35500352838538,103.45186519661763,102.8931236023093,103.96928850767799,101.93184069680777,102.12388193369071,100.86077863456521,101.55548141959038
2025-10-16,100.69527568826341,97.93123403335605,98.40461583977451,101.99875448165156,101.50582400300532,99.22923535337765,102.11007891084328,98.8616687215902,103.65332227343637,103.92256235733907,100.90037223697838
2025-10-17,112.47281033536987,110.10703646627012,109.27438490385181,117.20858166284741,114.23437217315674,110.99554335436804,113.71548674015484,109.0656470585445,113.92139543553476,114.02381709577416,114.02412644188277
2025-10-18,354.6085653684863,352.97491715253193,339.1354605601383,355.23537089919876,369.74110925303086,361.90510448499776,362.15943073695513,351.28584787547095,347.985086192494,361.9714574507126,352.0571396722265
2025-10-19,390.22722831576874,389.21348424272327,376.1831141994434,405.45234660943214,393.8351682191673,384.9626876036333,396.4292793917092,375.1701480603447,406.49463624438835,387.04279948784045,390.9663174833023
2025-10-20,357.6891761041255,348.8437836567017,349.1165379025488,369.51651218341823,372.95803789575626,355.14856408423367,365.03488532758934,342.03745065214775,359.5622833110937,352.36895794276285,366.8534491470144
2025-10-21,351.54707343839084,324.2564681754074,349.79409554038153,367.2140222547237,365.43392184739645,349.51829865071926,356.70903712436166,351.21636772301656,362.78010572714766,355.6130323759067,346.5393073575647
2025-10-22,354.3149095839927,341.9978729007801,356.44616865829437,364.14855576339204,351.55144636777476,352.58310794446965,365.48245703860664,343.69155242457794,350.4720563301888,362.78679930264286,347.32239446552626
2025-10-23,352.2229061515936,345.36508891488694,343.81365936014237,359.33258359320024,358.5159264288949,356.37077677841376,352.25989056768947,352.01284097679314,363.38619135062004,351.01691631073896,352.11221399615994
2025-10-24,113.02190775009142,109.15968323889044,108.13229483607522,116.17602246397054,114.32525762090687,114.7788970682203,115.94463139810783,110.85209776733117,116.725343635578,115.04921537597205,114.77921425761927
2025-10-25,100.46099455311338,95.92852189525595,97.58463063236488,103.22322998097198,106.19139231193206,102.99965917341999,101.38796657202248,101.75255452183656,104.11434955830077,97.40389227387725,101.0956071343513
2025-10-26,112.82984497734219,107.88249774649545,112.72166895933778,117.57704769875706,115.80933739550261,111.2143702510845,112.81417452057713,114.7476884498463,114.91219730998422,110.99102729940427,115.40463744001102
2025-10-27,101.83056754770848,100.07166394900284,97.89042803031484,104.43101419765088,105.84417292296708,102.45329263572856,100.11904207868437,97.75175431018545,105.77604299553637,102.84561655808835,101.82236034844101
2025-10-28,100.37269323753553,98.35579082423418,96.91520098278585,107.1162406438726,102.08893391698852,101.83407233988495,101.26707731423177,98.20213892429543,102.49453901152506,97.60549235274274,102.30648995292057
2025-10-29,100.14607321590427,97.82578621130186,96.09366344482136,105.27672068589737,104.06358507639278,102.14820036129855,98.39600647550695,97.27826244190632,99.95354778769092,101.16359687237869,102.35268048605826
2025-10-30,100.90467821733567,98.23038758511073,99.6693467340008,103.83763002814737,102.95567217384483,100.88465608282792,100.23932477650436,97.84693949375479,106.49436683369346,98.94922484040966,100.53221405121934
2025-10-31,112.45214526085651,109.02181883923828,110.09191628574375,113.65602144611417,112.0740203520702,115.1412200184796,115.47138210250023,107.69994358087524,117.70661130054525,110.7275985541389,116.03371931743386
2025-11-01,114.94355542150883,111.59402772941344,114.07982796555237,118.80354311791272,116.90734884079012,112.93922370301071,113.80796956357612,111.50936803879594,120.49458801950118,116.14895082854603,111.11003999942537
2025-11-02,126.40998025369704,124.43012859521005,122.6704784527974,131.29381280780325,133.38497501618656,127.86795903122957,121.1398958540015,124.32630936410759,132.73395462359628,123.5358432926554,124.79468662026342
2025-11-03,112.2522519268026,109.74267523914614,107.07454746449542,115.9041138542296,114.52839507826572,116.2108205950235,112.25617218688495,108.38656184312936,113.50885265661748,115.30192288615358,112.09250915505868
2025-11-04,112.23686383886886,109.18890251579742,107.55672508281548,113.94241698954536,114.55546258693099,111.82577442310166,115.73635496914693,110.51471054453873,117.08763509952279,113.73641293630136,113.07460504594046
2025-11-05,227.9054471458105,223.53455650468103,223.12143348973694,232.3097311244507,230.1745927889504,228.03151894003807,228.71852661130745,219.60094945556258,237.55591862456677,228.59855021915126,227.84490533943443
2025-11-06,113.87044284181242,113.58269790904254,111.51511392140291,116.8777562281142,115.91825062377697,113.91804937711541,114.2630339212465,109.69704502137768,117.38106306558872,109.64999404663084,117.48831598370003
2025-11-07,126.95149570138224,126.37107913380162,124.85533451457869,131.71496833723526,132.6107601241283,121.76753436610582,127.64077586358107,126.02918701612818,131.96055819655453,122.21067610920299,125.85826174638213
2025-11-08,111.4649974258431,106.9391720009087,107.89249166207021,112.83141173195803,113.60678999251981,113.57924471188949,114.16453633250761,109.28081892209359,115.03099959650551,113.0076310371482,113.04674673836402
2025-11-09,127.44836963715915,125.74122138759957,123.6693999358253,130.53475814122905,132.90997460237716,126.34435576956938,128.51484588716343,122.87194117434268,130.39473357251526,128.26443508487378,123.79877762282425
2025-11-10,112.58745025838316,111.23250408547521,108.1192869045697,117.61127094864774,117.58058699702886,109.5246423588416,111.41922567639412,114.99665265573209,115.97124933618656,112.70366701952115,112.85424798038393
2025-11-11,112.3541674259538,109.39698380996455,107.73783804696981,118.74617528933321,114.91231140545469,113.09489626252022,110.77578603971928,109.53258796628306,115.77399239612518,112.07911992553638,117.24775443731396
2025-11-12,113.09483078776113,112.09051567972237,110.85767891076985,119.16416721184852,114.97524098229155,112.6009880004484,113.81371282192453,110.61195901479111,112.90405409970272,111.33243548225975,114.17393343529146
2025-11-13,114.03257183149452,108.37859966997836,110.71213810768425,115.64376306013249,117.87626833134244,114.69070947752957,112.44573597073665,111.04392932413613,119.38586849888527,116.6257568499325,118.13441678748731
2025-11-14,127.26466112709844,120.78904139849097,127.30440131654815,131.00433298185618,129.8120749162199,126.45094462218186,126.13843523822102,123.50470786004834,135.48814930726272,126.39156419884782,126.28320485279593
2025-11-15,113.34250089308455,111.24714329056314,111.63375379159828,114.0016818095759,113.49286815340533,115.99360648738357,111.83894315133085,111.26770757361048,114.57126577666908,115.39740805188849,115.69595926088073
2025-11-16,127.37991839973385,124.66547159216717,124.86201564935311,127.52102598644032,132.0276671840838,130.55525009769897,127.67232624806043,122.56945573631825,128.97951363136696,126.0366019450386,130.128959587287
2025-11-17,113.82690944014604,110.22455672813784,112.1026762054275,117.94313045921888,115.51374121294052,114.95763101346398,115.52819353138197,111.00939085988489,116.99675201513858,113.36522033095287,111.56435254517446
2025-11-18,112.94744275688765,109.8219003722058,109.63186590779219,118.00957275685987,115.09106518404447,110.34050823520916,114.17637727169418,111.02756815907802,114.36366702239611,115.65737410901306,114.4942629471136
2025-11-19,114.41686240033594,112.4206624791451,112.59704809160245,119.42888364313238,116.02264202765986,113.08532432888562,118.67341724774752,106.82974524430841,115.77863854951798,112.3181521801685,114.85471449615054
2025-11-20,112.5419756846138,112.72522983713978,109.3113276129749,114.80777640193327,113.2374928661902,111.61237043461536,113.26041645916773,112.490132914631,116.40359968469953,112.32130335744276,112.03337438327263
2025-11-21,128.06729731707742,127.30345174281861,124.75522335974793,134.14748210922176,127.9393305083155,127.86972734081633,130.42637870265835,122.71589500604603,131.06936950221896,125.40267250026828,130.59239922515704
2025-11-22,112.3355534374738,108.30102071472314,107.71864150925464,118.80868221328782,116.65920939299454,111.2150000600972,115.4159720518464,111.178157976281,115.81682708565319,111.19877470022604,113.42071213885544
2025-11-23,126.17750787016857,121.90149711008314,122.56399235373843,126.85121103959132,131.6334349608911,126.05376509370811,130.08723638040843,125.27085667854381,125.85173192075206,127.7881841438659,129.28813991904565
2025-11-24,111.92313041717992,104.82930006712851,110.16719151227129,112.14233588471423,115.48021109980878,114.50700619985531,113.0555588339331,109.78772775242227,114.45262023864032,114.67294029613508,114.41159282256142
2025-11-25,112.99011866262902,113.78794623007302,110.31528717900571,118.16476970380577,111.46218406675277,113.54025133658433,110.766701651161,111.89620433695374,116.09854650681032,112.23049785708722,113.62000415756802
2025-11-26,114.38857757292139,112.01774277482407,111.76762948949484,117.64013182078182,113.49772281837659,115.67743525466791,117.59607739776604,110.21443721876858,117.35168997623735,114.18157798658311,115.83944401949056
2025-11-27,113.03041767062155,109.35382649701343,112.36928948426049,114.21772499713839,118.1500237394439,114.42731939425705,110.62281731493661,113.47829279281504,112.930192152407,112.39596637291918,116.09930361421677
2025-11-28,126.57785348459353,122.78019790511634,123.44987733230836,127.76263248762224,131.98225508212994,126.66450718628326,132.19075607727257,124.70217836436652,128.33022160417514,125.61047700671521,125.57359077440451
2025-11-29,113.39118622872047,111.64941652441921,108.27163416858211,119.49736011440653,115.14485526136644,114.25444970591349,112.000822761327,113.08848223822287,116.14182606388934,114.27554821370975,115.93333805603923
2025-11-30,126.83447103345199,126.18252819245765,123.53590428878242,130.03273216432194,130.06086368452551,123.89757072412506,125.42076555031441,125.12719859212268,129.881150230748,126.66736412767337,130.58318908437363
2025-12-01,115.66257619929168,113.1532242213034,114.5708132629983,116.61957218093374,119.34992775710018,114.56789291447132,114.73682260095596,111.93291855016034,118.37503786017002,114.81427397479894,119.05587640228775
2025-12-02,116.00680191632787,115.54909985377046,113.5553822810473,119.14936531889306,117.19020699938118,111.11746233129479,117.35709337048226,116.42605432098281,117.69648936211341,118.92171174893441,114.20836358117425
2025-12-03,115.88774373425458,114.6447600623957,114.54997381641185,119.3876166362733,117.464116302388,112.43225729756003,117.65192446748836,117.10161252642189,118.26745755635051,113.70287921600588,117.85270291464498
2025-12-04,116.43723642382619,114.23101263184977,114.24161300325376,119.31595613694702,120.7079348285408,111.19718816974235,115.62677257540668,112.08688976360378,119.29045965787098,117.29632426553911,120.97724474410842
2025-12-05,130.31345650772138,126.02671938745392,131.89814303454105,129.79614582657413,131.41478182044273,133.66677335282802,129.1773643355715,128.62258681730097,133.25504266648957,129.85517838341596,128.6832322166013
2025-12-06,116.29092353527281,116.21784172142965,114.52971650199238,115.53513599779754,118.05538966745137,112.678074887525,117.52208233918688,110.22757304289954,118.78974649042063,116.89598397663521,120.47165621229368
2025-12-07,129.50074927404685,126.65031257374523,125.97838334579062,132.66375265784643,133.36067450584784,131.13531213423443,130.42426220097505,126.60512662138399,132.20805029312507,128.9163716921655,129.83917775108776
2025-12-08,115.63233091438887,113.40107450816843,114.29379689610732,117.67571509681015,117.36195081490557,116.77885369596878,118.76993959300077,115.11852170716108,115.92418934591578,114.48367341282739,114.82929065429764
2025-12-09,115.61343325174575,114.51269808441383,110.22134085283395,116.27328363351796,118.56653246288064,113.18518517194613,114.46271781552622,115.02553779142258,121.60950985098495,119.05997182836569,117.88909902549773
2025-12-10,115.69312455803673,115.00057515895183,111.92123057678175,120.94127763187528,118.22365060274679,112.70492879804243,116.07552311636645,114.48198641425337,116.77672027383569,115.37099144584788,119.79460163491815
2025-12-11,116.49826304871166,110.99121400903539,114.13622510235643,122.12303830362406,118.99032300180416,118.90228997844804,116.85431595241248,115.43101828506649,118.45720489529558,117.7371453150929,115.25884678142275
2025-12-12,130.4314973581705,124.6214792782117,127.39608375142284,136.41335381700674,136.17474037108613,129.246975804492,130.06603919952678,128.55677577091242,130.24577242262748,133.08872300457153,132.76431556305684
2025-12-13,116.7345093716729,109.63211593869774,115.55802204013418,122.9861536958117,117.22509283663872,118.81888983878615,119.61792330544804,112.82759096138761,120.48221340651173,116.35168311595525,116.93683809277645
2025-12-14,128.815634913738,127.4499743832956,121.53613545869986,135.05215143737541,128.74659127365106,128.94404760922748,130.68664705267446,127.67697907992556,137.28703753168634,129.4122675342021,128.35128191179916
2025-12-15,114.84968346797356,113.97188216940127,111.1685668694886,113.40025904437071,116.92600952798654,116.42108140642264,118.09416320187515,116.74794415065509,118.04454390102062,113.46698683784577,117.08852563670408
2025-12-16,114.41971633942684,113.59438486741382,111.27741738445731,116.94991571327203,115.49988098511334,113.87082860417378,116.38651295748726,114.80908864474455,117.86469059082503,112.06908311225791,117.71897828902509
2025-12-17,117.43556015212013,115.9867659271304,115.26829894441715,121.75414505109475,119.65600925844761,115.11893065596351,119.28114785428745,114.94601670480104,120.67522744721327,116.09188751302811,116.25483918706993
2025-12-18,115.85697011322218,111.91927471599556,113.24068699856214,124.38483953343393,116.69008906321423,116.59293869388465,114.31443960769784,115.7045700042094,121.2129928121043,115.2215601697854,113.40102599571506
2025-12-19,129.942721559083,122.13434330431251,125.29341697198298,134.2677097073498,136.3055304286309,129.9480762577871,135.14317132911577,128.56300439639415,130.63328374845545,132.66818000107068,132.17215035594808
2025-12-20,116.3054291605139,114.51255971891653,114.81084269273317,115.98780831293047,122.58771572301552,117.78671158784722,114.95823793366557,114.99895852223561,115.29826842710266,117.92149215646079,112.70115963717838
2025-12-21,131.00198311000142,129.78356784920985,127.08081761917495,135.47094681730323,134.69569046958085,126.95109641365484,133.37511042660338,125.62130148897964,134.80013151162788,131.38806722445773,130.08031401549027
2025-12-22,115.28493864672262,114.28634883030945,110.11305708633991,121.50421638608518,117.14296362646165,114.66018539621906,117.00640086589726,112.76239672773528,116.85645639381623,116.57664598259085,114.9503638610343
2025-12-23,115.0875331637659,113.22088232720787,111.35923627180885,121.53188082356891,116.02146676503145,111.83536936058856,117.85017301695213,111.72815824688139,120.36998382873139,114.39433539165168,114.77821684868111
2025-12-24,114.35392304648893,111.8231731052337,114.4012580447134,115.97411414460858,115.59381084721294,115.18659150847648,113.26987820988148,115.35777900126463,118.95411924811947,110.30916511915008,117.1166337513343
2025-12-25,232.2008250260163,221.21413356874905,230.34915003428716,231.44221345345719,244.20436923522402,226.00249337645985,233.4635941058212,228.41902869319475,242.60803097393196,235.98463919989032,229.59251997578076
2025-12-26,129.8192376579922,127.84371131472075,125.3399260887157,133.7812705870087,127.54129406650183,130.37536382094922,133.60436007737724,130.7545295999145,134.9889582404685,130.27606515101226,131.2338358753527
2025-12-27,114.93806466651922,113.20061900082236,111.05578257863374,122.32672152195879,114.30450451329581,118.01478414047322,115.4647987413436,113.63019235395947,118.35223342824682,114.04040135614171,112.66650182899838
2025-12-28,130.19614474602434,128.78657487961644,127.3319243163316,134.12260356695487,134.76049149588383,129.16652550191998,128.75454258872077,126.25927042411578,133.82691130717905,128.47170547028574,131.00363559548268
2025-12-29,116.3148801848968,112.85471408902225,111.36415251679858,121.45485023160634,115.84853673930596,117.57295440413989,116.80044706174402,117.97703090789015,117.37066992235864,120.63074677192003,120.06740710744012
2025-12-30,115.77463137570062,111.58717126960606,113.23082164745192,115.0135314457964,119.37877292994386,116.69472991249324,120.55569114064616,113.40301872650129,119.48545291265141,116.15351577881434,114.65976911358331
2025-12-31,115.66982062151214,114.45745516125028,113.11174920391674,115.47796543715172,118.27351295411826,118.40139953367265,116.90214169365164,114.08423042684846,119.87170157380488,114.00583902280792,113.56027838101814
2026-01-01,114.71270491116843,111.05407672896415,115.36899002484773,119.04646494046196,113.11933689825611,113.27623692328513,113.3557986221181,112.36851743788716,118.7719046281595,115.75887249358803,114.78643348389755
2026-01-02,128.34782251908695,122.3566341611853,125.16691554207517,133.38959710980706,131.39102182796142,127.65938038020049,131.01451360551619,124.9025876057712,133.8522886166664,128.6318861749619,129.2658955847447
2026-01-03,114.80522208681239,111.35394529863179,115.39520059590325,122.06525629245134,116.60238256671005,112.25691242453982,112.41085145461798,112.37988944213326,115.64565490276722,113.37395216967845,117.11719006534042
2026-01-04,127.1358011582666,120.89868771993882,121.7801572484334,132.73987281520323,134.72312397165618,128.12935808173685,127.90589944703777,127.62431387971657,131.66666303793795,125.0674758382145,131.58608188923603
2026-01-05,114.58497025365916,111.8735492420127,114.2291924625321,118.8404802384862,117.10122940503258,110.46423193224308,117.91017152060117,116.46230082794611,116.47597231953317,110.54696700020833,117.40819339976241
2026-01-06,113.7456967937951,111.76797873193497,109.7825174946485,118.88742449647962,118.55358816893838,113.67714624911926,109.75184693467861,113.12765707788678,116.5564958933592,113.10271195905267,117.5347194248824
2026-01-07,114.72533579183485,114.2040575815823,113.52275236300616,115.17396434709002,115.9622362950763,115.4503176857508,114.43663861886697,114.21581914795136,116.5714157929746,114.9201947432827,112.95935111379218
2026-01-08,114.1291011515023,109.3107959488426,113.57877824538885,116.89601763193248,116.63851512041776,113.0321803903476,111.0436589330252,110.89992030314086,119.0990205172763,115.5510719625296,115.96263952333162
2026-01-09,127.30738972125533,126.3914447735844,124.27232740610184,128.32403850057742,130.1511760282684,128.23555481443657,126.38040922532547,127.11642154742103,131.65422435549982,125.80781120464994,128.6012063854882
2026-01-10,114.04427149310234,109.89528711876795,112.7830550982703,120.24437453120623,115.1687619428573,112.38290120290752,112.99265331349339,111.21075978840355,116.24209786163867,114.97329141181596,116.7030460733653
2026-01-11,128.35902844773472,124.06400593445137,124.1212405168366,131.04779172066532,129.92869281123131,125.70170803137604,128.2006346644144,125.9170478184824,135.6106183280948,134.35534401023463,126.85483352218073
2026-01-12,115.05145621739194,111.74607373632016,113.03706353012888,118.88028035278901,120.09864153825407,117.20057220842106,112.87172078729184,110.50549773599509,115.09105504193502,116.1351378375308,113.69387023113681
2026-01-13,114.78588468865341,114.5823388634766,111.09917644567462,118.20595200454225,117.00730288208281,115.4945967847863,113.80784081467566,107.22234073203397,117.16280235252663,115.25350988338515,115.60895280454392
2026-01-14,112.80673709761147,110.8000891109015,109.41469847373533,114.97645437607271,114.29571672469258,111.59992607328364,110.4594947406402,111.1470371831529,121.202125712576,113.12154640536193,114.50388126113062
2026-01-15,114.26819299138957,110.0907794697379,111.18265356617883,114.87624796827933,116.75432072702846,117.74053599301133,115.71802245797278,111.82320284391331,116.25548102219686,116.25842524711446,115.41995288214035
2026-01-16,128.85029333520316,125.6086088434963,129.30759888744092,126.76179207355656,130.91748508380198,126.59902323356111,129.71117401445045,128.31791475343297,134.37897678864596,127.15607199899038,132.39604105419275
2026-01-17,114.43494467580534,111.32920503018416,114.82223333616737,117.18039232493001,117.96321028050022,112.59951417436666,115.44431103288223,111.51051218059636,114.94904685975938,112.37157304804302,116.10934343172418
2026-01-18,127.9751484096396,126.34870824315944,124.58239082721605,132.38018312720402,129.10145187928873,126.8386222488594,126.2857451564686,120.57621135117009,132.02537560652078,130.79351971261684,128.36964998507233
2026-01-19,114.50996852268943,111.46043016304611,108.80911398334831,114.6013556480221,117.35036369071412,112.72385630643188,118.50014850367083,112.80156379027248,120.69505447720637,115.80867054987803,119.90134666849058
2026-01-20,114.95605810568988,111.47434458179595,111.61304227915825,117.6184819445255,117.53075188383295,115.46273621972296,114.17865198524416,111.14933970431592,121.82043721431168,115.34248365278299,115.55576320607351
2026-01-21,113.71543692406034,111.828597574924,110.19767082590742,115.0407977432007,116.21016309677117,116.82091834255436,112.95622425144346,115.0954714388376,119.80612781792543,111.5371484195103,113.76520892187379
2026-01-22,115.18139655880957,114.46644569694766,113.18634832396465,114.969134084293,117.85650094128535,118.34487875770238,114.4970777883294,114.08233996895068,115.51454373816105,114.89764602882609,115.2994472247944
2026-01-23,128.28172416364643,121.94458706143018,124.97567390545076,131.99087793359047,132.65026592822306,129.68211330192082,130.02378577146337,129.1741058027785,128.50698658194614,133.09164068064058,125.7468803078929
2026-01-24,113.38295624696806,111.08024266364649,107.67001903482021,117.13001032360937,115.2335279433622,113.66948493169954,112.1145888219106,114.87815600911978,117.34816303229525,117.10253536539206,115.0409589305749
2026-01-25,129.0713773119795,124.2378984892761,126.74018363124371,131.88817067539608,136.60229630839973,125.2180347864951,129.22880065205555,121.72234518242892,130.26177552891644,132.12470100360036,130.30106212660485
2026-01-26,229.08444744806437,219.92132604427033,224.3801595920742,228.6755040132155,231.56418692081766,231.53491442566087,237.9415211773652,221.7012471343444,233.99009999925613,234.30341443423166,230.78113273108602
2026-01-27,113.38813772222909,110.2351586638966,106.52968928897873,114.0426729737915,117.48712340681068,113.86550507327999,118.11666161010493,114.62452509516949,118.34123550494974,114.73873989908193,115.66304169356977
2026-01-28,114.08541935168208,110.02971886349621,110.27627047148142,118.85599262270493,116.12138168563155,119.13810488113589,113.16928352821243,115.19665989704018,118.91654913841363,112.88955041932364,113.4929351739742
2026-01-29,113.55036570172238,113.22070458055964,107.7219647648404,120.17850593071175,115.76532474398992,107.73100426095726,116.78672165206662,112.43244167067839,117.68289152145366,114.86389982200934,113.22161265465188
2026-01-30,128.40240885793435,125.63130477093695,125.86014229957581,131.39561236874306,132.1727850018524,130.05525846331122,129.20344677162151,126.31226536024033,131.11289473961293,127.30621191359474,126.75681345680401
2026-01-31,115.29502375873292,112.43547682362664,111.48074133166476,121.12745444497685,121.7194742622795,111.87227352709913,115.91154676556789,112.29318801247756,116.91233510791947,115.61875177790188,115.52787986944034
2026-02-01,129.03734819014497,128.60471768677948,125.04959330368409,135.79883198980932,133.22769263831628,126.86598411313716,126.42549668021354,128.48348277489973,131.87607636287714,128.24102836040592,128.71993973987168
2026-02-02,113.02666513025565,107.24735887399407,109.27452624030309,120.26245301377917,115.53591373144987,115.56046333079924,115.11937477889879,115.30984827157296,114.30602066730489,112.47252432366712,115.28235822038555
2026-02-03,113.12763086645057,109.83998362529829,108.44299194566955,115.57180449193778,115.44225156120164,111.66838253062295,114.92643369074571,112.223030800003,116.70369399980062,116.7071706392514,115.0578251615234
2026-02-04,113.54542788600051,109.53577393411929,109.00672355651199,113.79537094799538,119.1366081493156,111.83080425080371,114.59439065363225,113.25278025009891,116.04379499242074,117.38007011719543,116.68829936751929
2026-02-05,113.44102789172719,110.106943640963,111.90273894013531,117.46955903114625,114.56596013831873,115.02382378929642,116.28210893293041,112.96244247313254,117.64668695929525,109.56550822414215,113.40276434624573
2026-02-06,126.95375632232086,119.80788926061763,126.43700556488113,129.29488141310338,129.10330202981896,127.46539008046267,129.89962108599323,125.45038333419207,130.13046425600032,127.23668091588098,129.27022552332076
2026-02-07,114.18375572980324,110.35431067045047,112.11321502075863,114.59122553835044,115.06337616129021,116.17330757071862,121.47502610816022,114.33966039453959,117.98560247877342,112.43433237862246,111.9410347387062
2026-02-08,127.41825202830702,124.50336256744728,123.76562692023698,131.69399333766435,128.97041800399586,130.7634876760454,127.33440771879047,126.86277923274926,131.48854247493048,126.95597729369666,126.62366291034884
2026-02-09,113.53125852603075,112.2942208842247,107.6756483102655,119.03187618555293,117.72279207590132,116.09032545249767,114.25083242678535,107.10814529772023,119.92732043479592,110.46003800665162,112.05381742636526
2026-02-10,114.10620074810457,111.97538145828507,114.53387571887075,116.27650711856587,113.50155854987707,113.55675355097152,112.92532344114083,113.19918196366139,113.96622523040793,114.72778657262296,118.0154019439458
2026-02-11,113.69194517910569,111.06459485394531,110.22121708191104,115.3232140375649,116.43784567202462,111.85891383726057,116.3861702479019,110.74577307048794,119.92810992038815,113.6071804252455,113.75940863763444
2026-02-12,114.59950655675803,112.5671790070782,112.04777309614435,116.3085452501506,117.7186623387015,116.33825940084651,114.71946236702951,107.47265418828863,117.30701184995006,111.82213537514036,120.62221110946466
2026-02-13,127.05056590601149,124.60427358812656,124.1549349010452,128.57552603759046,130.54336619746604,127.18001027795314,130.93218615075622,122.53335722954773,128.54120269492782,127.39386456168423,125.98130201448346
2026-02-14,113.22178497458731,111.67972348233334,109.49547000575996,114.7574260416708,115.98833360695953,113.52768919297459,112.8810775798661,112.32038417086382,116.26933622755347,114.53555534091082,114.18641691160273
2026-02-15,128.0143045463698,123.82953346336153,125.64023338094403,132.3734197526776,129.05346377016556,127.58280421230509,129.46830299370617,123.64752129921028,131.17869646564506,130.2084526810708,127.99649190172592
2026-02-16,114.1261983092215,111.71645816959263,111.04758996568728,120.07123501881892,115.2665245293065,111.19921932117751,117.79794400784297,108.74358193435671,119.24794676579145,111.75923469967405,116.20810828138927
2026-02-17,113.37440314497397,109.80862908237329,109.03285725122987,116.22404161831831,114.8725899883728,113.27088623765812,112.12985460229693,114.37516049168158,120.2610200431295,115.2506136182911,116.01814074761901
2026-02-18,114.82770924292022,114.03778576876122,112.08509395308155,118.23076228131006,115.86275012786689,117.47577839760011,115.66522143327254,114.19202999077207,116.01393306149309,113.71544703755221,113.5710564452794
2026-02-19,113.06526612932196,110.20428319984485,108.71919518655143,114.15322007829793,114.16351155843823,112.38775591362703,120.65870589792704,114.26668704240113,115.96716225030222,114.37746365104,112.34440682532559
2026-02-20,126.8393195540662,119.9343542808096,126.32470488742982,133.74442508784327,129.11525548987458,129.6667544492436,125.13837194934182,127.45665147057026,128.19191087617787,128.12889412829003,124.51856993115508
2026-02-21,114.20202232341502,109.78004089441357,112.51917326610796,111.75690985562184,121.44664736195358,112.67760769983401,113.84867773993493,112.97850553099755,115.10495675575841,118.07780279937363,115.03884065155367
2026-02-22,127.15694003109212,124.80708505417974,123.11474629138698,129.0901266271493,130.69289640460346,130.1319688950888,126.7966956972771,125.26966393635858,132.36384130636415,127.40257102179874,124.13948076223808
2026-02-23,114.03135486050599,111.0796961008379,111.22245424207637,117.24430047539553,113.79334854118116,114.95811769077473,114.43289957125776,111.13239754184428,118.61591812689097,114.43298554782334,116.95485974872608
2026-02-24,114.63861479849525,112.70927666011102,112.80528977723117,117.79679279127362,118.87041433296777,111.46007109890962,114.00800610175047,114.76102095002933,119.11797539354056,112.88736574367596,114.73629751055729
2026-02-25,114.60557871784596,112.95694917541364,113.16294354059676,117.95162701935763,120.0624545404356,110.7820182664412,115.20717205709026,112.549160699792,118.82754525206704,111.61216615919307,112.92179023102682
2026-02-26,114.77457835421262,110.40972319756824,111.73323242698743,117.05614673277087,119.5759137442249,117.9853338496632,116.64938812992654,115.37065921632335,115.38222367521466,113.82786944718742,116.28786084511668
2026-02-27,127.38850822235514,123.97001732818804,126.12961334473665,130.71797090485828,130.77578608171694,126.99196363187335,127.97396277612324,125.89122896481908,129.3746704254986,127.32409594111445,125.81796506367424
2026-02-28,114.52781294868754,111.27075851465986,110.34808301997573,115.58633003403206,117.04243124484955,116.14164120072655,114.72285199368199,114.46905767788822,120.38650804879892,116.93051349786383,112.76010120402486
2026-03-01,127.87466826044995,123.85661243996131,123.41684375728752,132.107947718152,133.64498357349743,129.1277413126276,125.75378924593839,126.7356705550188,134.45313037169996,127.1749298890734,127.54512249890314
2026-03-02,115.24863841885829,112.57011667026214,111.42098294870355,114.49774229817211,122.71687621930448,114.9609217741848,116.77076544198174,113.02988196668773,117.80810970255028,115.02312525869611,116.75034390714599
2026-03-03,252.79091949272168,247.90021120433897,243.66415501562787,257.4729088102229,262.27590195835734,251.45646354715777,244.22467691225972,247.55756135516827,266.06764848115887,258.49095621202616,252.83062657575698
2026-03-04,253.94257322732986,244.16351226281637,248.26833025959732,257.5239431842487,264.4117248114342,261.00543307882947,253.85678401979646,252.86060844992966,265.27574282987587,249.98239501015536,251.95086973438364
2026-03-05,254.52409562717165,248.9018635505188,247.50118800251187,261.69947009007313,258.57659826535524,250.2373449900945,253.7731793777474,242.56990285342695,264.9929880189708,258.88350412897233,258.552801134707
2026-03-06,281.4007611432392,277.49640459764885,270.3922686257323,283.6017954245775,285.7620528783203,280.8243270826134,289.34569539098055,281.6635630531281,281.66909065032894,289.4363820732737,286.5724990015421
2026-03-07,115.70053275355355,113.60990532692709,113.97534886394172,116.69375866805112,119.21366952383188,114.0781190088972,118.79691861868541,110.97105311771924,118.13743591092984,114.28427375386073,116.92188889597342
2026-03-08,128.16313884315124,123.10967748399693,126.77149641579402,134.24610002193035,126.21124990450163,129.53848389810682,128.11091806141323,129.5960366285931,133.09544901377993,127.6714033424556,130.65188659682093
2026-03-09,116.39445154523013,111.6897268824146,115.77526133434705,118.4711640256353,118.36703348770375,119.17107221294279,115.03140344662962,113.63559567953723,116.57305057373165,117.55991395489049,119.83208116978169
2026-03-10,114.47867164903546,109.12352368213264,111.71321583051979,117.42305732742624,116.17999148381548,115.02689575946789,117.7022072393323,110.06741026539322,116.10812473080074,117.80222614307256,115.74236391379392
2026-03-11,115.71997767271503,115.34658154809,111.14547165476226,121.15218905572748,115.73138735257038,116.19284341263854,115.48138347990349,116.2932140307657,118.25980367638479,116.67727906995769,115.99926510983772
2026-03-12,114.82281523342874,112.0968344235144,113.76392304475394,115.2750967074745,117.16100778703337,117.22872758381328,114.4576176950058,112.84552611373206,117.25006583587783,114.7534655866032,114.0008903790869
2026-03-13,128.55582523861952,124.27283723321186,125.11846669003349,132.7567787865873,133.4717203995079,129.26789713435758,128.81432064562009,126.81447841379827,133.37593331223184,126.4170623651946,130.6654520907875
2026-03-14,115.40402033525811,113.20510314393256,112.35745987913027,117.94646925199463,118.40124715140003,113.43616144256963,118.90453736035815,116.73109404017919,121.36432727499529,112.53320127253234,114.84657512987958
2026-03-15,130.36383290786458,126.99858985028308,129.94098430501566,133.6240943166317,133.11864521730436,130.79560552444033,130.2982969697613,131.42220961388213,132.56580515678024,129.44289333580355,127.57388388134456
2026-03-16,114.67766831206013,113.28086445952789,108.86444780191451,118.01596867190909,117.00742442213284,115.2680892759527,113.86399519630712,116.080424582071,123.05730201262072,114.43809453536267,114.03914643096923
2026-03-17,114.41363595887219,112.80309272735751,111.09237093944941,118.64481609658287,114.60737628061702,112.91004911103467,114.74054890481975,115.05963985205257,118.77702410178846,114.61064016315028,116.36612402001313
2026-03-18,115.12072970726891,115.25871698550566,109.22943363223,119.90062282849411,116.64374510250317,114.1895385136156,117.41928096788577,114.2417632662862,114.66386439426574,116.73041896239225,118.70468538255895
2026-03-19,114.19701225017299,110.56649156833744,110.1457385223328,118.91201887186622,115.29550638020591,117.12797683815944,117.26291543178849,113.05476592875105,117.89955542044487,113.05064924581009,114.84178141086021
2026-03-20,127.71069808097627,123.01946263396512,125.24443996026655,135.00933138453274,132.2282804608879,125.01660615454715,127.98469959624487,125.52052066682506,130.72835736843783,127.07820843205297,128.69044361326723
2026-03-21,229.4860627351094,224.05223987075104,223.39441533337512,235.80946561911531,241.3496252047825,235.17851220485156,228.24478333060435,223.15882167351384,230.27379258275468,226.0515802985707,231.87728499594246
2026-03-22,126.72636266266673,121.80372350613189,123.87077398344026,129.64076477718683,127.89793349512232,126.41000072899651,128.12767709405247,125.53229888338777,135.24470143788784,126.61286569366047,127.3098030886915
2026-03-23,114.51776368060337,111.62052872938055,109.5779328415485,117.62193718923685,119.00892696503827,115.6039567052368,116.021635646536,111.29226905421925,116.73732498877807,114.51878274773776,118.080022688305
2026-03-24,113.1806462012474,110.46965962070247,112.19272032986345,115.20912903194451,114.68865674093499,113.70758261654703,114.88438905281758,112.61586484996508,114.89918906896432,112.73412329476305,112.35175410282247
2026-03-25,115.86909357013381,114.52343090005454,111.24517319389818,119.64180445896984,119.36106218033568,115.84873901330937,115.35780527504095,109.64949828168594,120.51131187503734,117.41942691773714,113.69501745462901
2026-03-26,228.00009684064625,220.6936527520429,228.11494358476267,240.18153023721817,232.72289571183114,224.7665997476646,223.78549531103826,229.8676616875049,231.7028851751328,226.22742834612652,226.9927607261099
2026-03-27,129.98957033899723,128.49785344616745,125.55603616899705,135.8064735660197,131.9312611173542,128.52537070781023,132.18337684602537,127.54189141770178,135.61605307489035,128.33452980880804,129.28354293514522
2026-03-28,116.51630136357416,110.96911934503413,114.0287423063152,119.57447139599395,119.03143420356601,115.9741868048113,116.49049663957815,114.88743588356928,121.51713814131108,119.73535553940957,116.08342224431128
2026-03-29,127.91520634262879,124.95434101494178,124.9764953642598,129.93254938484415,132.84596236496336,127.66129951249306,126.937027087617,126.55596119065045,133.7841183303112,128.25548154309308,124.62442313428478
2026-03-30,114.07134491167147,110.73385302071142,111.83184679466426,116.00822955342458,117.23231696668071,109.18460495258316,115.04695254478226,110.51474403596298,117.34454229977277,116.82121410136266,117.17209428983661
2026-03-31,230.24808529297036,229.13009263529838,224.51719511362904,233.70251886843553,238.40904338278486,230.11783619140652,226.85668474763492,228.47085090494394,234.71634097020663,229.52425246533633,230.70497147365137
2026-04-01,114.64822551116532,114.59953423250695,107.5974012153585,117.58973328870316,113.65006059571047,116.99940567335588,117.68983424543919,114.81070383215713,117.51008630388168,117.13838185425742,116.4508784775237
2026-04-02,115.2826268216707,111.60675087742814,113.31161060715709,114.920962808669,117.02292607068168,115.44805875923103,116.13061448187594,108.86905350022721,121.26325540021627,117.38970521721043,115.17124173193957
2026-04-03,258.81970744450757,258.0542844748543,247.84242489596417,268.0950743342664,261.9467164284602,262.6884843047684,258.11818834452055,261.4916550955107,260.8491455266065,261.29448322282553,260.95839499575413
2026-04-04,114.98846820935442,109.69461051766888,116.9458920353007,116.04870978526299,118.44432281207067,112.20690140191132,115.67334613788695,112.0961942976256,113.62492290636379,117.25396664581795,116.1158231289565
2026-04-05,128.21969943649924,122.3250134421473,122.80111090310739,132.42878323765697,131.79174972682813,132.39638013915646,128.68861450337576,126.41531203043822,130.1331555884264,131.84944462844248,130.44324363056566
2026-04-06,114.58852218544088,115.65536842802375,109.58823034356828,118.66448496844035,115.97232126712117,113.200721281728,112.54584767178208,113.0013789773667,119.42539119101858,115.94627098958784,113.73024487396461
2026-04-07,113.80447389419953,111.78652184245651,110.83139946230736,116.26021292594098,117.13778963494039,112.07983455186233,113.34155719762221,114.6149939045838,117.74676481851799,113.83553135173143,115.0405256686725
2026-04-08,114.46104647996309,113.28447988923378,111.08698639469725,120.32326756439537,116.5132313202379,111.19216645511169,113.02847883965568,114.00448787235975,116.00081603615754,116.75643385751064,115.14885825723854
2026-04-09,115.17769887475575,109.81134657963429,112.38077173780636,121.44395688698673,118.14635651835795,115.40270386854716,114.98818846522589,111.35310105140513,121.30439381789857,115.2279645074366,113.92787418968406
2026-04-10,128.03955228807456,122.2665806502192,126.83033833181727,136.9754196800894,130.44331074609119,128.11214296711756,125.33957226011243,129.9425555349265,131.13799604195893,127.33663911851866,128.1793234954403
2026-04-11,115.31547733038302,113.19947470923773,111.31901801281398,119.93026945363324,119.31643482711209,109.95652436995726,116.88922085120599,113.19429795387796,117.9826278701555,118.33506758896263,114.5853459673703
2026-04-12,128.05481096983047,125.25723356328157,125.75030783552415,130.70156119498662,128.93859256250025,130.13505244093614,130.36645204839294,129.09293406934998,128.3186100930229,128.99456118295018,127.45060023485753
2026-04-13,115.6401811709291,115.47592461699294,114.56232830652041,116.40935810197992,115.82004711278815,116.10156100803643,118.44223480671327,112.38693561816244,116.49172812779038,113.89546355467628,116.40700121541137
2026-04-14,231.47364791336727,223.17942314061682,224.31579080116504,232.7359977231449,232.84908476778887,235.16262626037758,236.5293702413061,227.37498788172857,240.6939071753262,236.88835832502366,233.56914666138186
2026-04-15,115.84622516346583,113.8023310394633,112.16140814502033,119.22063450847364,119.79553466292363,115.02572315588588,117.6525695185466,116.18875111363246,120.68648139065334,114.25881595742773,114.00823423102706
2026-04-16,114.90535730302518,111.55535417630352,113.97077488017497,119.59360363046883,121.12663333261627,113.79726040621338,114.71240866291754,111.55479878113555,116.4910357038655,111.93848754699691,114.1909922230537
2026-04-17,127.49958381272934,124.88223253636285,123.68836303691648,128.3071265132028,131.27108745299898,125.79593450898656,128.14099911454312,129.04043928143992,131.75527628708025,127.93191619939259,131.53136089525898
2026-04-18,115.1429872177334,112.93121682832924,113.85594770804516,114.4813083682694,119.19452408263702,111.62647432285631,116.01439667979382,114.37663964359014,117.0327634399058,116.85289165396031,116.12955266320763
2026-04-19,128.72975517777886,126.72746691793321,125.30808309297709,131.52780671614934,128.6653757121719,127.97208961667644,125.66322373371858,125.30032899077108,137.76681240814625,130.62378742351316,129.12174789328665
2026-04-20,114.3203162058885,114.79152088809025,109.6984871203695,115.650692683026,117.13680669553028,117.23561581297706,115.05534077508183,113.39177696707502,114.15730885742686,112.52975493623664,119.17422202019036
2026-04-21,113.55910048793834,111.85754895754084,111.19720428145297,115.49379498266005,113.62661491359395,114.46346783893699,116.65549791560981,113.3461910968315,116.25240413039641,111.94777512435284,115.46535692258493
2026-04-22,114.57265518011805,110.66940864484252,110.38049146747214,113.54517116245468,119.10816341141661,115.6503442211498,119.06315899565517,114.55967691970115,119.49446552382669,114.13240353545413,115.82056670694476
2026-04-23,114.9719648983466,111.34635349950743,114.30636077849256,117.77618709039359,116.47330639173704,116.63782951720734,116.60177409068297,111.65326765737866,115.9437590201955,115.44927574435077,112.86057500695853
2026-04-24,127.42887687479912,127.23372049776958,123.28668794826051,127.87921138099675,128.91662666862393,129.7534309827494,127.49924874750978,126.97012844630474,126.49386574381951,130.3868288652817,129.43494851428952
2026-04-25,115.59211843015797,110.28818255148869,113.49877614501968,116.87267791974426,116.62780934463005,115.46983667155244,119.0471432022082,110.83759253379856,118.083058118114,118.82801235038119,118.11205490885284
2026-04-26,129.45669122921123,126.29309620598168,128.12818564990366,132.13671154426982,132.51899215769228,129.4597891446272,132.12861531331203,122.55526142767442,130.04240866217015,130.81709509747628,126.39541716309809
2026-04-27,114.83088912355664,114.08289317906231,111.76056688862037,121.90031550191958,116.59862261680422,112.8477978336962,117.87681870322375,110.04386493307028,119.35266349928207,109.53007322796017,115.90162442000009
2026-04-28,115.61073799696685,110.11558861447169,113.63330577289794,119.97665469276676,118.87748464764742,113.5827737145682,114.90393203711383,116.05852941284638,120.00060527924244,117.9566077343658,115.3057543261068
2026-04-29,115.57908894202708,114.28955068324674,113.30712450447876,118.18630342037625,117.49259285550202,113.32114105111148,119.16393070407806,116.40400002323604,117.42258927611682,116.43028523862633,111.33963552573529
2026-04-30,113.49990559127367,108.32113386708603,112.76689247295334,115.48961238751922,116.63730989133994,112.4685861500573,112.43023426221276,112.26684729316732,117.38388554522567,115.24420826929135,114.10829535598396
2026-05-01,266.170120876606,259.2334616645158,266.2063689688295,273.5527873389207,269.50948235224627,269.3813089243459,261.6260965495076,255.06241687277276,270.535299955821,263.9243399373479,269.81330969001567
2026-05-02,118.66413628722236,116.41906900702365,115.10013237022399,125.44688671704623,122.59037505675434,118.43833162349893,116.13688725609467,120.274540350163,121.49795093045144,118.46207054591912,117.14819706603336
2026-05-03,133.2721267837491,130.63845710712025,131.03323486126365,135.7611259859638,134.10902204536342,131.952830689576,133.4765557164028,130.56441182543077,139.1150408854373,133.66214206492467,134.2721490594745
2026-05-04,118.82775869048939,120.08269811830174,118.10508890947004,120.73078146574652,117.87882691719761,118.9252518133032,116.0720082591157,118.36910393395996,122.60990870196977,115.81933756914795,121.06640905851701
2026-05-05,118.27084509185494,115.96388303138528,113.66098055030805,123.4205056549953,123.46929784870906,118.66511909512398,118.57604872155682,117.43478433615533,123.04723601064791,113.96252378207984,121.59636386305512
2026-05-06,118.43808481000951,118.34091417926787,115.83510823126065,121.37194293458941,121.31396186928643,113.71408363192938,121.78807673419328,117.68981805320516,118.1682177949971,118.45382505836925,119.6640419062982
2026-05-07,119.74758949602679,117.90962241289041,117.82010291844999,124.66953859074987,120.07217334988788,121.8074889711643,121.3719269441514,120.2305200431802,120.34959077860688,116.73412183431032,121.91323341244654
2026-05-08,132.62269491689682,131.54454887626216,131.87316928267444,133.53304624029298,135.24568781140994,135.17037029839292,135.61158283500507,131.7377118785116,132.00096838284878,130.20133259289926,129.2833866801053
2026-05-09,118.04502732739095,114.35947232171179,117.8007582804779,119.82257405574192,119.99320443427408,116.57503712730441,120.69814197800217,116.98832909082526,121.23197427938652,115.65182615843239,120.54832653474676
2026-05-10,132.34430550979823,131.54254654830038,128.9536054310576,134.5312248755329,133.78265204037146,133.05616552165685,133.62942568527433,130.45686017164317,136.66412814259317,132.00462012283157,130.39906031415873
2026-05-11,119.1941424962198,117.02635850967812,116.02160511640083,124.1268656010085,120.03996376247082,119.79489870534303,119.38645442822921,117.54650272107783,121.30602954949892,119.22234972687797,121.52892752179618
2026-05-12,118.39807313462094,113.98915174226087,116.65160979963325,121.28526509925715,119.64211620962281,116.00605006243245,120.34301624433402,116.50432794735302,121.38835596866717,119.4257702199816,123.14597508950179
2026-05-13,118.72128553528903,114.66354481236974,118.38251041545122,120.59783748945213,119.82980385469682,115.35942321262951,117.95031841931116,120.6012178908057,123.27654126620993,120.62943599782358,119.79984573382839
2026-05-14,118.61711600964072,116.1528488666738,111.72083191047663,123.05750724647278,118.84291969747404,116.09750590232585,121.19863701578947,119.88547869712882,125.72421466500288,121.56413833900753,121.60899031902126
2026-05-15,132.1972162904045,127.71807675555597,125.4736992893626,132.89525895104188,139.1865992811943,131.73357875942898,134.28819791784107,134.0746672983388,141.5060498978893,131.39120093510672,134.7085926727699
2026-05-16,117.96106900266554,116.18008112004483,114.310389640069,123.07997559311954,118.62898539023547,118.08505430747007,119.23695888380814,114.39872198185778,118.645904901458,117.91153498900711,123.0923515637968
2026-05-17,133.3468806219862,131.156651042211,128.71182446125852,134.48941321571573,136.66402521463579,132.93034767743615,136.21005670156399,130.6194621187281,139.13472283251835,132.87632073134623,134.71519101899244
2026-05-18,118.9415267041474,114.10752522524264,115.38369419140163,123.13293714993492,121.11712636108751,119.13630634164038,120.48749217152663,119.13252322251958,125.70225892169388,118.74403548724476,119.09547079866726
2026-05-19,117.18493659180004,115.52699940039882,112.40264251242235,118.04272556316512,121.90337033783379,118.82680978296668,116.8921255321565,117.67296096779155,122.40256746997966,116.55703047536612,117.1480507888004
2026-05-20,118.53998291933881,114.53925648238855,114.28554647334026,121.78448577956556,120.34942742695338,119.90798942548449,118.27990733091822,117.95461489172645,125.06775344121729,120.8346563625402,117.25332421260516
2026-05-21,119.941140335917,118.32550531080264,117.40621576303226,122.00227000309017,121.40231260064628,121.59958988787257,120.05791873624635,115.46405291907111,123.68401592782054,118.34712353190747,122.42509588936632
2026-05-22,132.32904604158975,128.67342489410416,127.61092515201447,137.1604677272853,134.57193554697125,131.67137831891884,130.59915458874494,134.907140235203,140.71159897612537,133.45842060172387,131.9856589671905
2026-05-23,117.35062828165997,115.02781196006704,108.92919906325348,121.7614367202431,119.295124752217,117.72108237612845,121.32524939846601,117.8858694975357,119.84666309596909,122.67164938555354,117.69029389567811
2026-05-24,133.56632057626797,128.5516749991771,132.81494885215486,137.06984896634435,138.23405620313622,131.1892761413374,133.27558017234375,131.2558098773071,134.35081700978165,134.73013690091798,135.94160846831272
2026-05-25,118.99458056617118,112.32763924611521,114.8256635771708,126.63903104979502,119.66842209268893,119.95681732071876,118.78294293811264,116.95922269126557,128.2863903592057,119.88608580771339,119.2262103834349
2026-05-26,118.98098122062397,119.27733972135023,113.58399814360756,126.97687116111324,120.10787602805452,116.76332098539409,119.14745953828448,119.72113139293394,121.51954388945573,117.70512260021273,122.08707812387958
2026-05-27,240.0387962918027,231.96482902525375,231.76856010624303,248.90046440825884,243.63065708055612,236.7902964245372,247.5179714075669,236.70536602703797,251.99390794482406,243.08576451898043,235.90364159898073
2026-05-28,119.5702966834373,118.14352114659542,118.79555709763123,121.91979938538135,119.75708627885352,119.43303544238861,119.92112479229456,117.22676185193778,120.05569119779653,117.71961947605463,125.41058799869406
2026-05-29,133.39828562886058,127.60565377753821,131.63263563575788,135.1443281380161,136.2207547611482,136.00573162733232,136.09090854460243,133.31905547119698,136.29721359853932,134.26303135484392,131.62120177970726
2026-05-30,118.66630520966832,116.74165644500286,115.08337357549112,121.17866409255498,121.79964941390062,115.73708335135642,118.56154272435438,118.42147276534519,124.1535350350262,119.01420804090861,120.41973944497651
2026-05-31,132.7473864170276,129.6775089880544,126.33228737228596,139.80291743126074,138.93034470575554,132.5414856595603,132.51391836493684,131.6137383601389,139.52593488234734,130.2397325145309,133.73869355169887
2026-06-01,117.38385649909186,115.91039091948319,114.98093475133848,121.19050301227988,118.40551688247123,119.3956649086208,113.71355558315607,115.09563705363789,119.4435858325062,117.85626212311301,119.96170993585466
2026-06-02,117.67640200449311,110.893859291725,114.74277346428603,121.75941046468088,122.29664164572871,115.23186894451172,120.47845838897025,117.8492530269378,122.11625135541753,118.62082982872509,120.00541806508362
2026-06-03,116.965448207035,110.91187935649093,112.28550450956972,120.95409277912873,119.43435276285781,120.76260991735549,118.31792446529474,115.8753027521861,124.96684481455425,116.37096025507945,117.75717450681921
2026-06-04,116.52199289582262,111.32143732776684,115.88595281119399,120.20435661981827,119.33356860394795,115.26864392626754,114.9635403113133,116.94315141743526,122.5955577256255,115.55132629392968,117.50486527115015
2026-06-05,134.48885262815318,127.49319558158987,131.01991749494292,138.18265399983252,139.70997610659288,135.66577862875334,136.58236861572087,132.81003490439048,138.91300010919684,135.00524821699597,135.62723984282798
2026-06-06,117.47983524569312,117.50198095414467,112.85562362447293,117.34144480548372,120.28487967416594,119.17629368480604,116.89522143283835,112.25074233927873,121.95753292305716,118.74288190125255,117.27652206951413
2026-06-07,131.23005312713312,130.04341008172517,130.16854440018196,134.279243191125,130.55264875254232,134.77965574879644,125.91828600659424,127.18026451524084,133.9839030246574,133.6424105384726,128.6814897315587
2026-06-08,117.19775236482329,114.95438224143365,115.9228908809164,118.39692894795252,118.38329844345454,120.0519780561005,118.84326216355069,118.2257678110014,117.78631105187296,117.42556328110749,114.32732622971642
2026-06-09,117.5888214336901,115.27478824440988,115.45352667482926,119.47388118369577,119.94439088536242,117.64318993035893,118.51843075170156,118.60611287445474,121.31216302776689,116.8726838504932,116.68092871313537
2026-06-10,117.3747063271815,115.84206323297829,112.25724852167473,121.21003292994345,118.93972484140839,118.05306679132615,116.94606520940417,118.69123752658514,122.25534949906533,117.97248252818041,118.75861273981869
2026-06-11,118.97093668865884,117.3204590861958,117.78283487941273,119.94499215286784,122.95109286380846,123.96058776355908,116.3647671060227,115.60051885274191,118.99046193342805,117.9270980478136,117.5728512264385
2026-06-12,131.39984421468824,127.86508654462635,130.25238008114133,135.2095183143803,133.65370549772018,132.08239058631958,133.5340467983644,125.14097690453809,133.1174269651347,129.13194537460933,133.94106546182215
2026-06-13,117.83553335871476,118.27976431038854,117.21092431229405,124.29598376750234,119.49987486080667,115.20002841757758,117.0221054888895,115.47359697988192,119.91339670917199,114.44151984640602,114.993819472328
2026-06-14,133.143540178374,129.51389531628573,133.10405382662287,135.06936835886967,133.00747848561113,132.90664643789975,136.33272463056167,130.2156088697528,130.96891380978593,135.73230395106876,134.67977642943615
2026-06-15,118.05626885321841,111.35821250419326,119.94774722467889,123.94411852748476,119.06026218741509,119.7928998128758,116.04170248687555,112.91023662237454,121.61054671351815,117.46847117895008,116.08533980076943
2026-06-16,116.7797088357332,112.02475328247085,113.89923680235144,122.72023293481769,118.32303956898016,121.11980435002988,118.53332896229418,118.01505122610104,120.47401827912535,112.94649717532916,118.54855692506764
2026-06-17,118.45738864483035,115.11970111428536,114.99032214481592,123.93296103855656,117.99274047845496,117.93821569828363,119.52972248874052,115.18543662952837,121.63086174523056,122.13140879960442,117.99760566715962
2026-06-18,116.36155995582969,112.49247068355233,111.86798322057334,120.08055456522666,121.38825490892759,118.58671806294183,119.2419164115026,111.11504861249894,117.97345648799508,114.221487155386,121.42068516200113
2026-06-19,131.77662403136705,131.04332919964665,128.6780868280348,136.32747301029576,134.97618479512263,130.0616125030471,132.3949526479193,130.5382450317357,135.2815822804267,131.20195390693107,127.8583124793037
2026-06-20,118.91588931349496,119.23616723851008,115.50190112891414,120.149819743817,119.5187960793626,118.42037008830096,119.17561591354198,118.59833149281275,120.62806251213898,121.81734209748863,117.46040550060661
2026-06-21,129.65658932187102,127.1103434428245,127.23082607045818,128.8041523065564,130.25352117797308,129.16983669007934,130.56844018572562,126.9682516667202,136.41289144395367,129.29166614261547,134.63565396062225
2026-06-22,118.79537429226026,120.43421069655395,115.71369326537447,119.95528716328121,122.27232777199204,114.97810058792857,119.6138866806859,112.56645847103098,121.0949989125151,119.11287783792,118.17035605864052
2026-06-23,118.31688675859269,114.50676813342706,116.6632239782884,122.17678345242304,121.42502965911969,117.61384973000112,115.32783747995123,118.84871582715785,121.90070118175072,118.65628209599504,120.58992922898686
2026-06-24,116.0290905474313,111.87450790901313,113.63731568013243,116.1057504388502,120.41581434867423,116.73128260453535,118.17111939660732,118.45103770355765,119.14607125165028,115.18929902660315,117.77356367700354
2026-06-25,117.89432780936363,115.71269450648553,115.47824122005947,120.13304013981369,119.53801352639685,118.8580580338038,119.60494796197906,117.89152063709523,122.49211848874613,118.29345101840516,112.26946714563145
2026-06-26,259.62617005447254,245.2335540991143,255.58227605297247,259.81062533042984,260.1538419341276,259.4788376629344,266.33549715519985,261.68344003514494,269.89331796399233,269.5793769782916,261.28991318308334
2026-06-27,116.56798006883434,115.94104895927036,112.36201103073473,122.11499542929208,117.45474903640897,117.35398661309918,116.7097282704689,113.53566439416616,119.62835770165405,116.98559709980194,114.92311243823761
2026-06-28,130.25416707373446,129.09806521902894,125.04505577202907,133.44238379802593,132.873337861238,132.81326199866336,131.00918670690874,127.9151088481915,137.53361953738315,127.10373326745237,130.51214985802181
2026-06-29,117.65935362234849,112.67255283380156,116.05237301920454,121.86849104981484,122.11433791091346,116.45397085592688,118.90971622815294,117.12644905821926,119.4877852870968,118.01957852696327,117.18807564663726
2026-06-30,116.9230073691024,112.1550538580961,111.48468185471528,119.68510671940719,121.16977115256583,118.00126528075093,122.69113235482678,113.39014685718743,119.91558858770061,118.91390099182227,116.18346572609117
2026-07-01,117.11012867434509,115.32494773738063,114.15581921629175,120.35715294918106,120.63418213609894,113.89968476595351,119.24513426733475,116.51871823090268,120.15990308459719,117.10896028073824,116.3213785019627
2026-07-02,115.91431179191805,111.72776280878075,111.35043482165968,122.2290549048109,119.51729263170158,116.32340588050432,118.76650533047122,115.19018576923067,118.3958726866151,117.09554590468606,113.39484523850335
2026-07-03,130.78345189970696,126.95050495817048,126.73889358533154,134.92997055597624,133.4973457011379,130.826154656688,132.57824247509765,129.39672350734833,134.08178964025458,129.85348783164966,136.48535846231408
2026-07-04,117.02107694802402,113.64371261506197,116.76114731219252,124.39045080253754,117.79532061132379,115.08075611619289,116.32488977817968,119.66211375468188,121.38991646055563,116.18849455663351,111.31240652412819
2026-07-05,131.1725069817768,129.27921645421796,125.27516610129939,138.39984114642272,134.22316523649883,131.32597126734458,134.86059940479998,129.48206764608318,133.53495598347504,130.84950794352994,129.25947528130698
2026-07-06,117.10594631917895,112.37740748034017,116.40632946449506,118.67786962159474,118.39340401547621,117.69054244050423,118.43201941389705,117.0639452547375,119.94892031358602,117.13485552031018,119.40123749701972
2026-07-07,116.84955664105522,115.63062995220089,115.08285123301023,117.11280575986643,121.48998633781122,118.03513757583895,115.71376364667425,117.70873266778274,118.92842817076563,115.7378015163768,114.99535043068735
2026-07-08,115.47502343655945,110.22890481231833,110.50204221221047,118.63008317470165,116.60948943510795,116.7432497005633,122.11459745680133,114.26243198876467,117.57895787724686,118.9481958310209,115.76743066608861
2026-07-09,116.9104679418764,111.50661085642822,115.55971296233815,119.83041586274122,124.2905654777022,114.1404683332658,118.10934883456166,115.10880788174529,123.01481742120787,113.76559633577753,116.577672206786
2026-07-10,132.4095803259806,127.47294578697556,130.0603154701007,135.04495904280282,136.00214826299424,131.4714349906587,130.02867161108324,128.88844479872046,137.93744401192075,135.7196276597259,132.33317800802683
2026-07-11,117.23953070402756,113.71260557199182,113.76923426241541,120.66956554723758,121.19363464972861,115.00254733051156,122.64078310249562,115.62937637396998,120.6160836621282,115.36716439010914,118.93692962974795
2026-07-12,130.77892059753808,125.25532201922182,129.18886502790403,134.76134446792784,133.48276786295986,129.06150685877333,134.6366480758983,126.78582931516664,135.14257926257463,130.4877473664885,130.6927221779481
2026-07-13,116.8288040329481,114.48988087888651,112.14695132103634,118.17343114452007,120.30640404956706,120.56834925172119,114.50733128971817,116.93330605965376,122.07827348869631,117.27952348800643,117.5693009242771
2026-07-14,116.7364393577196,113.85925227164438,115.44780896339779,120.64341210190034,117.00453055361275,116.936876865673,115.89284277978324,115.91141133680951,120.97959541349539,116.94818879694809,115.70172031553177
2026-07-15,117.24508894703312,117.55747688489747,116.84884563382724,115.83405014486821,120.28780113405,117.98502484394672,115.90357532145262,117.11766895483782,119.96475074956797,114.59046596852043,116.24080888581865
2026-07-16,117.20888436525657,118.43837000723656,112.23508772754465,122.5882858113071,117.80801271954984,116.01386414091209,114.14758266223947,114.42513743153008,121.09115930756556,119.69754827292942,116.07846690547622
2026-07-17,130.0842257205853,123.74552621069897,129.6812914437203,136.59816211930777,130.4549403624468,132.36680827147637,128.95189608406474,128.16177618049207,131.06440276465648,131.860360071709,130.64707464105672
2026-07-18,116.68798324822474,113.1805131616503,115.96897643215759,119.65848737378488,119.13431970783606,115.37038782660656,116.2951992059178,116.38661013696172,118.67688172570064,117.94063393074089,115.72955458902419
2026-07-19,130.93023974394424,124.35742491523042,130.58751735888245,132.2216468814678,132.89473344831868,130.05910346901194,129.77718516310998,126.55252460347708,136.68786296348742,135.76034745393045,128.75708805852022
2026-07-20,116.59006668850579,117.12761885047848,112.37359312302102,116.52035073889444,120.11620252742527,116.79733197650208,119.87282788076183,112.61109150020084,119.10428487870207,115.93288218520198,115.3785278168993
2026-07-21,116.90567089884736,117.01194093054167,112.57112856687952,117.81436467369342,123.34692804367188,117.92180535437154,115.98880119443997,113.97350253494544,121.88091695749472,114.00411170394801,115.6114896279115
2026-07-22,116.14292108295854,115.3700951042474,113.3809006310138,118.05704605324108,117.52739259492402,114.23757194058543,118.0561012302425,118.67218638015324,119.57724398288038,115.17157774454833,116.99199357701836
2026-07-23,116.03425729918952,111.60303877097493,112.25946248396653,124.8180982638204,118.05415936583104,115.62759082150404,118.14979937912018,114.92018950025604,120.16506299839558,113.65190914841554,118.1497619764562
2026-07-24,131.02919013749246,125.33073570323927,129.07942523191576,132.51522022082887,136.37052986975334,132.47540354795723,137.15842026972996,128.1125191281678,131.4163609466264,130.18599439045195,130.3616796466282
2026-07-25,116.92482096295124,114.26723780256594,113.09381817434273,118.94846415135969,122.26727092245694,120.10186916617248,118.25904274368142,115.93553698646517,117.71745194740495,116.4551993510626,115.89027243625068
2026-07-26,130.0841996200357,128.15878608108764,125.61114282119473,130.21321470469582,130.73685686948136,135.23378822691387,134.621396589899,127.9202388199704,135.43429155961434,128.48258233485356,128.70924522901345
2026-07-27,117.86663141023143,116.10936027553073,116.06439330914806,120.87314567674055,117.15670510513173,118.16111390529973,116.51586673053785,117.80092962212528,119.80960884962148,120.87862923595938,117.00460453676007
2026-07-28,115.63316025224623,110.75439662066346,115.43864628765557,119.66646104085447,119.45845544174446,115.50443088508848,117.74036683210672,112.51250106559223,117.75832189622294,113.23444122437125,115.09643076644073
2026-07-29,116.91965295665784,112.60730825430952,116.6104341554299,119.74225567351627,121.32569653301744,117.23499177476162,116.79627102462233,113.36353004300803,116.52052908702524,116.49674343018037,118.88276363254579
2026-07-30,115.58909599354769,112.49632564493363,111.304124683834,116.26505088591249,120.9104656581692,116.96434892808193,120.31402004464822,115.33094448305528,120.24571973510896,112.20852715311464,116.63756698756013
2026-07-31,129.92504374418468,127.77484070329938,126.16374657746975,135.5757524295671,134.1534791020176,126.1458803516819,130.2848179414432,129.276432546987,131.5856620001953,131.590962267933,129.83848262409217
2026-08-01,125.23402329766104,125.40465477893639,122.95148458809281,129.07378665401015,128.8767343880007,125.15643861365876,124.31114622028176,122.64018324299707,126.2684890197991,123.25544985322185,123.86385038517447
2026-08-02,142.06146476558362,139.16067008816995,139.9512413430327,147.20599252604003,147.8045915448079,139.18577853100874,143.92363919065687,138.47959977216374,146.23594557892844,136.99050782566363,144.0702464601346
2026-08-03,125.29362434394793,119.22790127504577,123.73275228327753,131.94649218194002,128.06037467143543,126.79161235438316,124.61790258456075,121.9510712750473,127.40095955950453,124.95526542475822,127.68276900422478
2026-08-04,125.72029979374686,125.65217810679678,124.03319055339793,129.39086380020348,126.33251483431674,122.4265455438151,123.69293542456839,128.61340264524912,126.57862127686035,128.17552833152226,124.85718581954812
2026-08-05,125.84493538362386,122.42737018566694,125.0777627406512,128.30852899765998,128.70629772292986,125.51465341489678,128.1025146877306,125.13044830204923,126.64675603861475,125.5540742164843,124.5611336400827
2026-08-06,125.73826457895974,123.30320457512293,120.64580755600724,128.33240609017764,131.44567063994592,125.60728035517361,126.05554437336336,124.03927851389044,127.9687647327293,126.07538678625835,129.4755028166723
2026-08-07,142.10815249397388,138.54053997019798,138.92155491098745,146.33721358613985,145.2590720720219,142.68646607009066,143.82522442883788,144.1945254687288,148.1013319448271,139.34801971648494,140.8897028791384
2026-08-08,126.09637381300813,121.75855423067803,123.05575342020522,129.81003391657737,126.49764512712271,128.77359714193776,127.15615482386269,121.63813281458602,133.9992244363437,124.57377834859423,126.92604868904931
2026-08-09,142.83865017754547,141.24940054744616,141.87572377891257,146.06099351928302,146.59802351750767,140.10070517782395,141.12996777282135,137.61873631407886,145.5135528947779,143.14885786143734,141.3982234852503
2026-08-10,126.57212230407389,123.08115858356577,125.55560942759173,131.84636596337089,127.30577153942001,127.92348165337731,125.56279993553112,125.3235025780763,133.7879372847458,123.2136063914792,124.553129111277
2026-08-11,126.42647838032599,124.22937644681004,122.42842071944568,132.1043400007471,128.07769968638183,123.95982509965614,129.22006747159918,127.80257361953113,129.46679906823707,128.58165552794213,122.38789932360676
2026-08-12,125.44651652894888,121.13671601091339,120.75831430556094,129.55739296475724,128.2087237198292,125.79586761794322,128.4062535207151,121.82456854266104,131.210964038063,124.6755634273064,128.6131223480073
2026-08-13,126.70049918867427,125.31946576567532,124.5267124474696,130.41366146746796,128.2361855908047,127.95535216464845,126.33729988340069,120.0238118471521,130.78229352130455,123.66801550181079,129.21165853976052
2026-08-14,140.82910080645735,137.67166437430154,140.46874395758465,144.58138505304782,141.24399318228078,133.53327243073647,143.25846596785675,136.3336667620688,143.43752582263153,144.8685839533727,139.90469627353286
2026-08-15,252.42418601965937,249.14459101376679,243.77228772447322,258.48747589355503,255.4317097672156,265.3184591821061,258.99115497119857,253.16198897939879,261.139345660619,243.42008963281498,248.1530659259437
2026-08-16,141.31182654219975,138.94092901577392,135.2151312118094,146.73575861460097,142.22954115288175,140.36936579317177,143.88878619438148,137.48867208809912,148.8702295400593,141.8711457786053,142.19544612283332
2026-08-17,126.85875586791984,125.08356750829147,123.07527596927545,129.8802743975763,126.052451639606,130.14558749053475,126.07013529020945,126.25680966258356,128.21140607409734,128.94937033829237,130.23854618921652
2026-08-18,125.73250177572926,123.27431067090662,121.91312108705952,125.66443006907132,127.2793093060441,124.50765105377184,126.4331928348408,123.97870683787835,133.03627090644437,126.99917176656022,128.6535424576406
2026-08-19,126.80565916974633,122.86672252147063,124.41335429686661,131.06225775617114,135.67021911012333,125.21963410158169,125.46666850295773,120.92426533958059,124.62721953404214,128.3802467711217,127.83096401804953
2026-08-20,124.43225480267272,123.57874827995033,117.79853567977646,124.96852239430929,131.47649387681352,122.87369280179225,126.13687081123737,122.39729471643659,131.13205198362752,122.56010400095157,127.25896966765968
2026-08-21,142.20235321575888,139.09962685974463,137.02558740215636,151.83267402612972,141.3724343354117,138.91419301977422,146.29429550922436,143.21995337686752,143.74010530308607,144.0992149315373,145.27037014721375
2026-08-22,126.23969028614061,122.25419452044821,120.79520665752993,130.70235391131632,130.0938398226734,123.62834255647485,132.8823211401889,122.46638229546815,131.4801699166374,126.70240545597844,125.49089878049796
2026-08-23,141.49024827616302,139.75849458119706,137.8591665502181,146.2609736732902,144.11746664234627,142.84293842841015,138.17384410925533,136.05474072016602,147.6869808563223,141.38274284867472,140.11350357264539
2026-08-24,124.73387779206855,120.59930504876681,122.17067681999787,122.88699719233092,129.0107160181554,128.18142278569718,124.14959117810439,125.31751563167194,129.59533431766425,125.15792508177896,125.33530160320193
2026-08-25,126.21057617834134,121.17175955324373,122.44229141457507,132.4070168977493,133.9337542009503,125.8661122303079,126.47395250016027,123.27802686023242,125.98964623928187,128.7084476058893,123.1282327477878
2026-08-26,252.81777879308333,245.88154422407982,250.10098960761803,262.46137148559717,253.81081911468758,260.1183985921278,250.08339985423171,254.81293756495916,260.88188065052094,247.2534024271076,253.60007370583645
2026-08-27,127.49028699794725,123.35842808444337,125.96752453452225,132.77148725744672,129.52139196761084,126.75485394541985,128.35544579374118,124.70151912674943,130.56917740776498,127.20242518428432,127.41121728860415
2026-08-28,141.38260375063643,134.65054714670208,138.74739941428777,146.5466743776632,149.34978016847887,135.99852424826457,144.85077644091666,136.78745581405846,147.34913623459997,140.97024305515114,139.9520429795618
2026-08-29,125.1202303754597,121.53298016037095,120.56554116216233,130.95635554566533,126.47704161373235,124.81002510517101,125.77175510498809,127.04487749153466,125.69370698864856,128.42294763889558,128.29972687416787
2026-08-30,142.3274260193256,138.55536565893973,139.76078443846205,145.04832451196108,146.44965082337217,141.95524113501844,141.48284588607012,138.4443356218602,148.00559726720306,140.11499032339808,147.07336802021248
2026-08-31,126.86122174048455,123.52501851490351,124.09529841141014,132.36363969350617,127.85596920134886,128.76257232877396,129.28804700143178,122.92797457847828,130.50147744912712,124.81232352905418,127.05638604243121
2026-09-01,125.45113199113399,120.91258372611931,122.49220234520476,132.24136349790226,128.7742510262376,123.4811025163659,128.48767484020874,122.62959847578924,131.93423501591974,122.95030812725572,123.90985914819792
2026-09-02,126.32329627513425,124.5698939764138,121.36167334344172,133.8933013163771,125.71502839136913,126.95404071827336,127.15896734539407,128.41208789306762,130.62990064273916,127.8823833769332,122.703109373905
2026-09-03,126.6486148470125,124.757874182111,125.19319057215428,131.79732257468893,129.69631943081768,126.93637523579933,124.57999433388358,125.15291577814014,127.52737977373471,124.88948863683562,127.7831886119265
2026-09-04,285.95508066416926,281.95504366220337,282.4959124121911,292.12960008539596,292.9948771574051,279.72290890485846,283.3846663293062,282.9568330798378,295.4426328674408,285.8059846586524,283.7893546726052
2026-09-05,126.52411615201392,120.17251322125509,120.24949964999122,125.85256787507771,131.7585040592235,128.41183077698327,130.62310889455338,127.19408452210718,133.430098320856,128.09675151979687,130.7585491012188
2026-09-06,140.13385746402082,133.47037963605376,137.85861318799058,140.23946043635283,142.4122278263439,141.01060975318182,143.6829143209344,139.24260475335473,142.91250882181131,140.50334292777094,148.99764144089716
2026-09-07,126.31497750554747,127.62081902741154,124.92913927540914,126.99404739621811,126.90416789474806,126.20081130056006,124.31958984463064,126.00234219354765,127.03391193081134,129.03956461578375,121.42842892510114
2026-09-08,125.8205661367776,121.60476884784781,122.76007808717694,131.27451519128732,130.82935605156072,127.17139596509091,124.69644474521964,125.08207736413537,130.6200854897005,124.81270446450507,122.71776753566166
2026-09-09,127.03062946372616,126.86139660565654,124.23778655929607,129.27616357399194,128.45118349411143,124.97878617521826,125.52578371662663,122.82392175600226,130.3207414244058,129.5750017957746,126.33518869363857
2026-09-10,127.37499986144857,122.62865810399263,126.08528691487086,128.78757277038187,126.34879715813071,126.69721516620156,129.61480296701652,125.88829651721849,133.93597433307679,129.56543623218064,126.75628939764972
2026-09-11,140.66416854627562,137.66435682154173,134.40999044600636,150.59916096467947,145.9934815057515,141.48491732889124,141.3170908727677,133.78207007197696,144.1389508717626,137.6887068292744,143.3773124994552
2026-09-12,126.35718919249777,123.15288898672827,123.9292418384161,130.58469721263776,128.59075847436668,130.04070994582378,126.65212665858853,122.58675621880447,128.64585643714963,124.70907694971282,126.5695734908602
2026-09-13,140.97586891775316,137.29925903889458,139.62989669962232,141.9784221247329,142.1972352767069,137.37331146001372,141.78732858686473,142.65963782558114,148.66567851019929,140.42192055386116,143.62829548944103
2026-09-14,125.94886179670483,127.30276435764665,119.09293065950233,127.1391125150099,126.02138967693087,124.95119204908671,126.94769051311809,124.94641712982673,129.51314109588535,129.93536033667672,128.53715408335583
2026-09-15,125.88299523849896,119.94410091265864,121.46839169354934,128.5347790954825,127.29770822405727,130.16037543978499,131.54920549478743,125.1426141165708,128.82546036793937,126.89680367161282,127.02579097396935
2026-09-16,127.65587337044967,122.24689698035738,127.79207438862896,130.19867440627516,131.465537657506,128.9006079216207,129.40374502291056,126.75529895462168,131.15639796284927,125.68803128753389,124.38564868530538
2026-09-17,125.87163369826466,121.96599220457882,120.38655298311758,127.1691288348025,130.369295837507,127.20188030225039,128.82613999788282,125.45744432594411,127.22366706355969,129.251828673614,127.43532892058622
2026-09-18,140.922228805108,135.78137385757475,139.11115389941781,144.69152151791712,141.5768162912209,142.6704557713536,139.78693624822677,135.64539759980343,146.9028734362354,141.8246477682754,142.4276034726989
2026-09-19,126.67139947657131,122.04938898976893,125.38280772666201,129.9358005637543,129.12292312752967,125.75022207517172,128.58284324952288,122.92825826257157,129.26191052655514,126.91414205822524,128.2746244196056
2026-09-20,141.83373504973721,139.2080760962768,140.36576137696233,142.22134488167194,146.3366516699965,138.38421949758367,141.86768510550334,133.67240828399554,147.2594594722978,140.10854338469187,147.2680936050671
2026-09-21,125.35297600269226,121.07119676248152,123.10331109329158,127.4303022953315,128.26753570118746,126.81509718564556,126.42178235675748,123.85670235265829,127.52325299781906,126.83623507042603,125.02699711537471
2026-09-22,126.66528545693201,120.85045793143611,125.15360328603265,134.14440180519279,127.45884312045627,129.20007920345589,128.11237957773753,127.63795989824462,128.3545653941698,124.20842880334504,129.52547978984305
2026-09-23,125.44610495479189,121.4636156915859,123.66974829592618,131.77457408321226,126.91684046777304,126.39851464803432,124.50858767471863,123.90706434498017,128.41544624370886,126.21414733140341,122.8232990465699
2026-09-24,124.49434529212529,117.86743882524179,122.83895311480958,128.8192107924915,126.70261460883145,124.68984222113369,126.07328704586222,122.83891990166927,128.8309267208338,124.92766790657544,126.22412125018147
